브랜드명,상호명,지점명,상권업종소분류명,도로명주소,경도,위도
GS25,GS25삼양해변점,삼양해변점,편의점,"제주특별자치도 제주시 선사로8길 16, (삼양일동)",126.587582979063,33.5257120973835
GS25,GS25,무수천점,편의점,"제주특별자치도 제주시 애월읍 광성로 348, (광령리)",126.44443773582898,33.460716292121894
GS25,GS25제주도청,제주도청,편의점,"제주특별자치도 제주시 신대로 63, (연동)",126.49706229281799,33.4915951990521
스타벅스,스타벅스,제주송악산점,커피전문점/카페/다방,"제주특별자치도 서귀포시 대정읍 형제해안로 322, (상모리)",126.29003467177401,33.2067610874865
GS25,GS25,서귀보목,편의점,"제주특별자치도 서귀포시 칠십리로 458-1, (보목동)",126.599949002341,33.2422540993865
GS25,GS25,서귀위미,편의점,"제주특별자치도 서귀포시 남원읍 태위로 69, (위미리)",126.654991337145,33.2738504265869
GS25,GS25,삼도점,편의점,"제주특별자치도 제주시 서광로 197-1, (삼도일동)",126.517747976672,33.5001658968325
GS25,GS25탑동아람점,탑동아람점,편의점,"제주특별자치도 제주시 임항로 32, (건입동)",126.528385982996,33.5163497170019
GS25,GS25연동누리안점,연동누리안점,편의점,"제주특별자치도 제주시 신대로 144, (연동)",126.496131116595,33.4844614993781
GS25,GS25제주아로마점,제주아로마점,편의점,"제주특별자치도 제주시 연동10길 5, (연동)",126.492084422401,33.4851516093702
GS25,GS25,삼무점,편의점,"제주특별자치도 제주시 삼무로1길 3, (연동)",126.48960319625,33.4911078069293
GS25,GS25크라운점,크라운점,편의점,"제주특별자치도 제주시 삼무로3길 26, (연동)",126.49322938418999,33.4904847959641
GS25,GS25제주신대로,,편의점,"제주특별자치도 제주시 선덕로4길 22, (연동)",126.498435122883,33.4837501515744
GS25,GS25,연동국기점,편의점,"제주특별자치도 제주시 국기로3길 11, (연동)",126.491335571027,33.4793183536786
맥도날드,한국맥도날드제주공항디티점,,패스트푸드,"제주특별자치도 제주시 도령로 159, (용담이동)",126.492622902042,33.4950573875355
GS25,GS25중문마을점,중문마을점,편의점,"제주특별자치도 서귀포시 천제연로207번길 16-1, (중문동)",126.427128866698,33.2530091597357
GS25,GS25한라체육관점,한라체육관점,편의점,"제주특별자치도 제주시 서광로4길 10, (오라일동)",126.514107295856,33.499103509765504
맥도날드,맥킴맥도날드,,패스트푸드,"제주특별자치도 제주시 임항로 17, (건입동)",126.52679721983401,33.5167365372118
스타벅스,스타벅스,성산일출봉점,커피전문점/카페/다방,"제주특별자치도 서귀포시 성산읍 일출로 284-5, (성산리)",126.93555163732701,33.4628587540748
맥도날드,맥도날드,서귀포DT점,패스트푸드,"제주특별자치도 서귀포시 일주동로 8665, (서귀동)",126.562773222337,33.2532444730607
스타벅스,스타벅스커피제주용담DT,,커피전문점/카페/다방,"제주특별자치도 제주시 서해안로 380, (용담삼동)",126.484562504204,33.512386325943396
맥도날드,한국맥도날드제주일도DT점,,패스트푸드,"제주특별자치도 제주시 동광로 134, (일도이동)",126.54109452538401,33.5075474312962
이디야,이디야커피,중앙점,커피전문점/카페/다방,"제주특별자치도 제주시 관덕로13길 2, (일도일동)",126.526069134646,33.5133379685656
탐앤탐스,탐엔탐스,제주점,커피전문점/카페/다방,"제주특별자치도 제주시 광양11길 2, (이도이동)",126.530746938419,33.498932314766805
이디야,이디야커피,서귀포점,커피전문점/카페/다방,"제주특별자치도 서귀포시 중앙로 90, (서귀동)",126.561644373995,33.2527175014499
GS25,GS25,성산동남점,편의점,"제주특별자치도 서귀포시 성산읍 오조로 49, (오조리)",126.91559857433901,33.4583940555873
스타벅스,스타벅스,제주서귀포점,커피전문점/카페/다방,"제주특별자치도 서귀포시 중정로 53, (서귀동)",126.56207904435301,33.247799722158696
탐앤탐스,탐앤탐스,제주중문점,커피전문점/카페/다방,"제주특별자치도 서귀포시 천제연로 166, (중문동)",126.422427723414,33.25187671253
GS25,GS25,연동신광점,편의점,"제주특별자치도 제주시 도령로 76, (연동)",126.48660204729799,33.4898180073215
GS25,GS25,제주그랜드점,편의점,"제주특별자치도 제주시 연동4길 28, (연동)",126.487787331259,33.483530514232505
스타벅스,스타벅스제주중문DT,,커피전문점/카페/다방,"제주특별자치도 서귀포시 천제연로 95, (색달동)",126.415952645099,33.2551032223451
스타벅스,스타벅스,제주칠성점,커피전문점/카페/다방,"제주특별자치도 제주시 관덕로 55, (일도일동)",126.525294207395,33.5133377606684
GS25,GS25제주연북점,제주연북점,편의점,"제주특별자치도 제주시 과원북4길 82, (연동)",126.49020045382,33.4808732613169
버거킹,BKR버거킹,제주이마트점,패스트푸드,"제주특별자치도 제주시 1100로 3348, (노형동)",126.48048924973999,33.4849558726493
탐앤탐스,탐앤탐스,제주시청점,커피전문점/카페/다방,"제주특별자치도 제주시 중앙로 236, (이도이동)",126.53024675005501,33.4986018153975
이디야,이디야커피서귀포이마트점,서귀포이마트점,커피전문점/카페/다방,"제주특별자치도 서귀포시 일주동로 9209, (법환동)",126.50918074602801,33.2483218562767
맥도날드,한국맥도날드제주월드컵스타디움DT점,,패스트푸드,"제주특별자치도 서귀포시 일주서로 7, (강정동)",126.507510079769,33.2493927575423
스타벅스,스타벅스제주노형점,제주노형점,커피전문점/카페/다방,"제주특별자치도 제주시 도령로 27, (노형동)",126.481913420112,33.4878132664154
스타벅스,스타벅스서귀포DT,,커피전문점/카페/다방,"제주특별자치도 서귀포시 일주서로 11, (강정동)",126.506514043571,33.2492816226172
맥도날드,한국맥도널드제주노형점,제주노형점,패스트푸드,"제주특별자치도 제주시 노연로 7, (노형동)",126.480992581131,33.4863234107987
GS25,GS25,N제주탐라점,편의점,"제주특별자치도 제주시 삼동길 34, (연동)",126.49503514413,33.4781552315912
GS25,GS25,시서귀시장점,편의점,"제주특별자치도 서귀포시 중앙로42번길 9, (서귀동)",126.562807343144,33.2485384479524
GS25,GS25,한림뉴월드점,편의점,"제주특별자치도 제주시 한림읍 한림북동길 26, (한림리)",126.263997065932,33.4173728232622
GS25,GS25,,편의점,"제주특별자치도 제주시 탑동로 47, (삼도이동)",126.519851373584,33.5175733286268
GS25,GS25,노형서광점,편의점,"제주특별자치도 제주시 진군1길 4, (노형동)",126.481538268753,33.479099522782
GS25,GS25,애월곽지점,편의점,"제주특별자치도 제주시 애월읍 곽지3길 27, (곽지리)",126.304473190818,33.449423669745805
GS25,GS25,제주함덕점,편의점,"제주특별자치도 제주시 조천읍 함덕13길 2, (함덕리)",126.66789277048599,33.541496223101895
GS25,GS25,성산고성점,편의점,"제주특별자치도 서귀포시 성산읍 고성오조로 73, (고성리)",126.914463460987,33.450215325142395
GS25,GS25,노형한빛점,편의점,"제주특별자치도 제주시 원노형남1길 8, (노형동)",126.481443045104,33.4839397774894
GS25,GS25,,편의점,"제주특별자치도 제주시 천수동로 2, (일도이동, 삼화)",126.54378735263701,33.5086970681664
GS25,GS25,오션스위츠점,편의점,"제주특별자치도 제주시 탑동해안로 74, (삼도이동)",126.52315527197399,33.5182348507212
GS25,GS25,제주도두점,편의점,"제주특별자치도 제주시 서해안로 160, (도두일동)",126.466161601522,33.5036581022471
GS25,GS25,제주토스카나호텔점,편의점,"제주특별자치도 서귀포시 용흥로66번길 158-7, (강정동)",126.484653137792,33.2656246093159
GS25,GS25,이중섭거리점,편의점,"제주특별자치도 서귀포시 이중섭로 16, (서귀동)",126.563974628188,33.2467126411791
GS25,GS25,동홍대리점,편의점,"제주특별자치도 서귀포시 동홍중앙로 49, (동홍동)",126.57189775644899,33.255026602734496
GS25,GS25,연동문화점,편의점,"제주특별자치도 제주시 신광로 21, (연동)",126.490384365702,33.4901165858854
GS25,GS25일도신천지점,일도신천지점,편의점,"제주특별자치도 제주시 천수로 85, (일도이동)",126.544786662262,33.5062204648147
GS25,GS25,안덕대평점,편의점,"제주특별자치도 서귀포시 안덕면 난드르로 11, (창천리)",126.36716482576,33.2346192960688
GS25,GS25,제주에스중앙병원점,편의점,"제주특별자치도 제주시 월랑로 91, (이호이동)",126.47053675136299,33.492307408852504
GS25,GS25,제주성산항점,편의점,"제주특별자치도 서귀포시 성산읍 성산등용로 88, (성산리)",126.929964143491,33.469347494253
GS25,GS25,제주보성점,편의점,"제주특별자치도 제주시 중앙로 198, (이도일동)",126.528226145191,33.5016341617043
GS25,GS25,연동신라점,편의점,"제주특별자치도 제주시 노연로 61, (연동)",126.48683766659599,33.4861695335147
GS25,GS25,제주여중고점,편의점,"제주특별자치도 제주시 구산로 46, (아라일동)",126.53994189088999,33.4838945352643
GS25,GS25,휴팰리스점,편의점,"제주특별자치도 제주시 구남동2길 59, (이도이동, 휴팰리스1차)",126.53267667711901,33.4872437261141
GS25,GS25,제주삼화점,편의점,"제주특별자치도 제주시 화삼북로2길 32, (화북일동)",126.576108985639,33.5144822830247
GS25,GS25,제주공항점,편의점,제주특별자치도 제주시 신성로6길 16,126.525335822817,33.494387206191696
GS25,GS25,월정해변점,편의점,"제주특별자치도 제주시 구좌읍 월정7길 52-1, (월정리)",126.796471751387,33.5553270438727
GS25,GS25시,,편의점,"제주특별자치도 서귀포시 중앙로42번길 46, (서귀동)",126.56638942745501,33.2493101018056
GS25,GS25,서귀효돈점,편의점,"제주특별자치도 서귀포시 효돈로 144, (신효동)",126.61423478494801,33.263719392227806
GS25,GS25,N제주관제점,편의점,"제주특별자치도 서귀포시 대정읍 일주서로 2512-41, (하모리)",126.25585605910801,33.230493649159996
GS25,GS25,서귀에덴점,편의점,"제주특별자치도 서귀포시 남원읍 태위로 623, (남원리)",126.713282614323,33.277749386597
GS25,GS25,제주칠성로점,편의점,"제주특별자치도 제주시 도령로11길 14, (연동, 만진리치빌)",126.48709123450199,33.4920057755822
GS25,GS25,제주화순점,편의점,"제주특별자치도 서귀포시 안덕면 화순로 98, (화순리)",126.33604646639999,33.2468469585285
GS25,GS25,화북주공점,편의점,제주특별자치도 제주시 동화로1길 45-10,126.577380951258,33.5183105763728
GS25,GS25,서귀호근점,편의점,"제주특별자치도 서귀포시 호근서호로 153, (호근동)",126.52458958244699,33.2572512123715
GS25,GS25,아라금천점,편의점,"제주특별자치도 제주시 아봉로 83, (아라이동)",126.55266172440201,33.4785801776277
GS25,GS25,다인리조트점,편의점,"제주특별자치도 제주시 애월읍 애월해안로 400-9, (고내리)",126.351323308101,33.4714222660425
GS25,GS25,안덕사계점,편의점,"제주특별자치도 서귀포시 안덕면 사계중앙로 8-3, (사계리)",126.297468138173,33.2310611948578
GS25,GS25,제주남문점,식료품점,"제주특별자치도 제주시 남성로 159, (삼도이동)",126.52249696982099,33.5094727500679
GS25,GS25,함덕골든튤립,편의점,"제주특별자치도 제주시 조천읍 조함해안로 504, (함덕리)",126.66692071569099,33.542396365895
GS25,GS25,서귀대포점,편의점,"제주특별자치도 서귀포시 이어도로 129, (대포동)",126.436196211747,33.2391578568785
GS25,GS25,제주화북점,편의점,"제주특별자치도 제주시 진동로5길 31, (화북일동, 화북시장)",126.56640892288,33.5218084052047
GS25,GS25,우도검멀레점,편의점,"제주특별자치도 제주시 우도면 우도해안길 1118, (연평리)",126.968636267893,33.4977882727072
GS25,GS25제주국제점,제주국제점,편의점,"제주특별자치도 서귀포시 대정읍 글로벌에듀로145번길 40, (구억리)",126.289792670921,33.2957422712544
GS25,GS25,제주공항점,편의점,"제주특별자치도 제주시 공항로 2, (용담이동)",126.49600744383001,33.5059263508018
GS25,GS25,N서귀포호텔점,편의점,"제주특별자치도 제주시 아연로 62-8, (연동)",126.49734927881399,33.477471070964306
GS25,GS25,마라도점,편의점,"제주특별자치도 서귀포시 대정읍 마라로101번길 43, (가파리)",126.26661582736,33.1183263228899
GS25,GS25,일성제주비치점,편의점,"제주특별자치도 제주시 한림읍 한림로 127, (금능리)",126.221177126335,33.3857714144204
GS25,GS25,새마을연수원점,편의점,"제주특별자치도 제주시 애월읍 평화로 2175, (소길리)",126.39408337802,33.4136889278936
GS25,GS25,열린병원점,편의점,"제주특별자치도 서귀포시 일주동로 8638, (동홍동)",126.565479077597,33.254456831220196
GS25,GS25,재즈마을점,편의점,"제주특별자치도 서귀포시 소보리당로 220, (상예동)",126.38470310087799,33.2621662797263
GS25,GS25,제주도련점,편의점,"제주특별자치도 제주시 도련2길 12, (도련일동)",126.589326616672,33.5071594111868
GS25,GS25,중앙여고점,편의점,제주특별자치도 제주시 구남동5길 6,126.53981325438299,33.489636064752695
GS25,GS25연동달그네점,연동달그네점,편의점,"제주특별자치도 제주시 노연로 96, (연동)",126.49047176236999,33.4856999632332
GS25,GS25제주한경점,제주한경점,편의점,"제주특별자치도 제주시 한경면 중산간서로 3660, (저지리)",126.256229763638,33.3309681937479
GS25,GS25서귀엘지점,서귀엘지점,편의점,"제주특별자치도 서귀포시 중앙로 45, (서귀동)",126.56156004668301,33.2486953331137
GS25,GS25노형국일점,노형국일점,편의점,"제주특별자치도 제주시 원노형6길 8, (노형동)",126.482753638591,33.4852901520084
GS25,GS25서귀오션점,서귀오션점,편의점,"제주특별자치도 서귀포시 중앙로 19-1, (서귀동)",126.561847257533,33.2462282346925
GS25,GS25대정상모점,대정상모점,편의점,"제주특별자치도 서귀포시 대정읍 상모로 290, (상모리)",126.258421138273,33.2233982317505
GS25,GS25,금능해변점,편의점,"제주특별자치도 제주시 한림읍 금능길 92, (금능리)",126.232838204627,33.3889040862129
GS25,GS25,제주하귀점,편의점,"제주특별자치도 제주시 애월읍 일주서로 7143, (하귀1리)",126.41193325744601,33.4860255705051
GS25,GS25서귀고점,서귀고점,편의점,"제주특별자치도 서귀포시 중앙로 148, (동홍동)",126.560519557778,33.257834657540805
GS25,GS25대평중앙점,대평중앙점,편의점,"제주특별자치도 서귀포시 예래로 454, (하예동)",126.369672648733,33.235337396915604
GS25,GS25,서귀서문점,편의점,"제주특별자치도 서귀포시 서문로 11, (서귀동)",126.560192409002,33.2516097469762
GS25,GS25제주세화점,제주세화점,편의점,"제주특별자치도 제주시 구좌읍 구좌로 77-1, (세화리)",126.85897941523301,33.521242841101
GS25,GS25,제주간드락점,편의점,"제주특별자치도 제주시 간월동로 10, (아라이동)",126.543821106756,33.4854728628521
GS25,GS25,제주남광점,편의점,"제주특별자치도 제주시 오복4길 38, (이도이동, 이도한우리아파트)",126.53790790246401,33.4935264366678
GS25,GS25,제주산방산점,편의점,"제주특별자치도 서귀포시 안덕면 산방로 260, (사계리)",126.308037803007,33.2348117116521
GS25,GS25,제주용담점,편의점,"제주특별자치도 제주시 용남1길 18, (용담일동)",126.514356625012,33.5071845728664
GS25,GS25제주아라점,제주아라점,편의점,"제주특별자치도 제주시 중앙로 576, (아라일동)",126.545348164785,33.4720031775024
GS25,GS25,제주성산점,편의점,"제주특별자치도 서귀포시 성산읍 성산중앙로 44, (성산리)",126.93385397101002,33.4635744895547
GS25,GS25제주수덕점,제주수덕점,편의점,"제주특별자치도 제주시 수덕5길 40, (노형동)",126.474686484654,33.4851550506716
GS25,GS25신라기숙사점,신라기숙사점,편의점,"제주특별자치도 서귀포시 홍중로 35, (서홍동)",126.556634668474,33.2552290454612
GS25,GS25신서귀LH점,신서귀LH점,편의점,"제주특별자치도 서귀포시 서호남로 92-15, (서호동, 제주서귀포혁신도시엘에이치1단지)",126.523709902178,33.249577117411
GS25,GS25,노형드림점,편의점,"제주특별자치도 제주시 원노형남2길 39, (노형동)",126.48534794402799,33.4827434040434
GS25,GS25이도사랑점,이도사랑점,편의점,"제주특별자치도 제주시 연삼로 417, (이도이동)",126.53554765538901,33.49630246117211
GS25,GS25,제주남원점,편의점,"제주특별자치도 서귀포시 남원읍 태위로 680-1, (남원리)",126.719221844946,33.2790008774341
GS25,GS25제주영어마을점,제주영어마을점,편의점,"제주특별자치도 서귀포시 대정읍 에듀시티로 74, (보성리, 라온프라이빗에듀)",126.281357807998,33.2879085516715
GS25,GS25,도남방선문점,편의점,"제주특별자치도 제주시 복지로 72, (도남동, 방선문빌리지4차)",126.525371850621,33.4871840578837
GS25,GS25N구삼예비점,N구삼예비점,편의점,"제주특별자치도 서귀포시 배낭골로 109, (토평동)",126.586319748451,33.2976934457481
GS25,GS25중문마을점,중문마을점,편의점,"제주특별자치도 서귀포시 천제연로207번길 18, (중문동)",126.42715782113899,33.2531898440087
GS25,GS25한라수목원점,한라수목원점,편의점,"제주특별자치도 제주시 수목원길 65-6, (연동)",126.49199339206001,33.470536044065696
GS25,GS25제주하귀로점,제주하귀로점,편의점,"제주특별자치도 제주시 애월읍 하귀로23길 1, (하귀2리)",126.40286312347601,33.4801660901038
GS25,GS25제대정문점,제대정문점,편의점,"제주특별자치도 제주시 제주대학로 113, (아라이동)",126.562118449879,33.460352064012696
GS25,GS25제주원노형점,제주원노형점,편의점,"제주특별자치도 제주시 원노형3길 34, (노형동)",126.48260921491001,33.4867849861619
GS25,GS25,제주표선점,편의점,"제주특별자치도 서귀포시 표선면 표선중앙로 90, (표선리)",126.83351404467899,33.3256319412259
GS25,GS25,제주중앙여중점,편의점,"제주특별자치도 제주시 서사로11길 5, (삼도이동)",126.520814852388,33.5058644221895
GS25,GS25,정든마을점,편의점,"제주특별자치도 제주시 달마루길 20-1, (노형동)",126.473999032927,33.4899970128441
GS25,GS25,노형이화점,편의점,"제주특별자치도 제주시 원노형로 3, (노형동)",126.484028070704,33.4881006105886
GS25,GS25,서귀터미널점,편의점,"제주특별자치도 서귀포시 일주동로 9213, (법환동)",126.508551932572,33.2487020061263
탐앤탐스,탐앤탐스,제주삼화지구점,커피전문점/카페/다방,"제주특별자치도 제주시 건주로4길 6-4, (도련일동)",126.58034198283899,33.5162709190186
GS25,GS25,제대후문점,편의점,"제주특별자치도 제주시 산천단동2길 20, (아라일동)",126.55847578762399,33.4497251594771
GS25,GS25,일도중앙점,편의점,"제주특별자치도 제주시 고마로 143, (일도이동)",126.543329728488,33.5019659385145
탐앤탐스,탐엔탐스,칠성로점,커피전문점/카페/다방,"제주특별자치도 제주시 중앙로7길 9, (일도일동)",126.525760916131,33.5150112225541
GS25,GS25,연동서강점,편의점,"제주특별자치도 제주시 신대로16길 43, (연동)",126.491842249614,33.486708377150194
GS25,GS25제주아로마,,편의점,"제주특별자치도 제주시 연동10길 5, (연동)",126.492084422401,33.4851516093702
GS25,GS25다인리조트,,편의점,"제주특별자치도 제주시 애월읍 애월해안로 400-9, (고내리)",126.351323308101,33.4714222660425
GS25,GS25,첨단점,편의점,"제주특별자치도 제주시 첨단로 217, (영평동)",126.57174832843398,33.4529621925838
GS25,GS25,한라병원점,편의점,"제주특별자치도 제주시 도령로 65, (연동)",126.484969636263,33.490257857866204
GS25,GS25,하귀휴먼점,편의점,"제주특별자치도 제주시 애월읍 광령평화10길 1, (광령리)",126.442606973931,33.4548241161102
GS25,GS25,시편의점,사업경영상담,"제주특별자치도 제주시 도령로 31, (노형동)",126.482203083161,33.4878618932482
탐앤탐스,탐앤탐스,제주대학병원점,커피전문점/카페/다방,"제주특별자치도 제주시 아란13길 15, (아라일동)",126.54525635702,33.4671966776734
맥도날드,맥도날드,제주시청디티점,패스트푸드,"제주특별자치도 제주시 중앙로 277, (이도이동)",126.533223205597,33.4956709095894
GS25,GS25,제주한경점,편의점,"제주특별자치도 제주시 한경면 중산간서로 3662, (저지리)",126.25617033215401,33.3312558547491
스타벅스,스타벅스제주서귀포점,제주서귀포점,커피전문점/카페/다방,"제주특별자치도 서귀포시 천제연로 93, (색달동)",126.41572441918001,33.2552626003895
맥도날드,맥도날드일도DT점,일도DT점,패스트푸드,"제주특별자치도 제주시 동광로 134, (일도이동)",126.54109452538401,33.5075474312962
스타벅스,스타벅스,신제주이마트점,커피전문점/카페/다방,"제주특별자치도 제주시 1100로 3348, (노형동)",126.48048924973999,33.4849558726493
GS25,GS25,한림동명점,편의점,"제주특별자치도 제주시 한림읍 한림중앙로 72, (동명리)",126.266393750937,33.4082106423407
GS25,GS25,서귀중문점,편의점,"제주특별자치도 서귀포시 천제연로 210, (중문동)",126.426995564256,33.2514657542542
GS25,GS25도남성환점,도남성환점,편의점,"제주특별자치도 제주시 신성로 84, (도남동)",126.528327284512,33.4956579308868
GS25,GS25,신서귀포점,편의점,"제주특별자치도 서귀포시 신서귀로97번길 45, (강정동)",126.507229140774,33.2545555750944
GS25,GS25,제주도원점,편의점,"제주특별자치도 제주시 과원로 49, (연동)",126.48864090938801,33.4765086845622
GS25,GS25한림옹포점,한림옹포점,편의점,"제주특별자치도 제주시 한림읍 한림로 494, (옹포리)",126.252293305592,33.403243647563
GS25,GS25,애월구엄점,편의점,"제주특별자치도 제주시 애월읍 애월해안로 715, (구엄리)",126.37737993211799,33.4840001976835
GS25,GS25,한라점,편의점,"제주특별자치도 제주시 한라대학로 63, (노형동)",126.477417216543,33.476668819588106
GS25,GS25,노형사랑점,편의점,"제주특별자치도 제주시 노형로 379, (노형동)",126.476061919634,33.4840269837007
GS25,GS25,제주대정점,편의점,"제주특별자치도 서귀포시 대정읍 하모중앙로 75, (하모리)",126.252261028203,33.221391505331205
GS25,GS25,화북동중점,편의점,"제주특별자치도 제주시 일주동로 250, (화북일동)",126.572040724258,33.5197096799467
GS25,GS25,쇠소깍점,편의점,"제주특별자치도 서귀포시 쇠소깍로 151-8, (하효동)",126.62123522265699,33.2505524065408
GS25,GS25,제주용흥점,편의점,"제주특별자치도 제주시 용담로 89, (용담이동)",126.512289020789,33.5122896889489
스타벅스,스타벅스,신제주점,커피전문점/카페/다방,"제주특별자치도 제주시 노연로 99, (연동)",126.49087474975401,33.4860384523681
버거킹,버거킹,제주이마트점,패스트푸드,"제주특별자치도 제주시 1100로 3348, (노형동)",126.48048924973999,33.4849558726493
이디야,이디야커피,에스프레소제주노형점,커피전문점/카페/다방,"제주특별자치도 제주시 달마루길 10-1, (노형동)",126.47485124349,33.4892592057045
GS25,GS25제주동교점,제주동교점,편의점,"제주특별자치도 제주시 동문로 68, (일도이동)",126.533947091087,33.5133683510223
GS25,GS25담모라점,담모라점,편의점,"제주특별자치도 서귀포시 안덕면 일주서로 1975-11, (사계리)",126.3060876349,33.2497061449286
GS25,GS25,천지연점,편의점,"제주특별자치도 서귀포시 남성중로 2-11, (서홍동)",126.559831017983,33.2442033204387
GS25,GS25서귀정방점,서귀정방점,편의점,"제주특별자치도 서귀포시 남원읍 태위로 69, (위미리)",126.654991337145,33.2738504265869
GS25,GS25,탑동아라점,편의점,"제주특별자치도 제주시 임항로 18, (건입동)",126.52674983195499,33.5163573138308
GS25,GS25,함덕해변점,편의점,"제주특별자치도 제주시 조천읍 조함해안로 530, (함덕리)",126.66955759164699,33.54246079113489
맥도날드,맥도날드,제주공항DT점,패스트푸드,"제주특별자치도 제주시 도령로 159, (용담이동)",126.492622902042,33.4950573875355
GS25,GS25제주베두리점,제주베두리점,편의점,"제주특별자치도 제주시 삼무로 77, (연동)",126.495001300588,33.4900645618669
맥도날드,맥도날드,제주노형점,패스트푸드,"제주특별자치도 제주시 노연로 7, (노형동)",126.480992581131,33.4863234107987
스타벅스,스타벅스제주용담DT점,제주용담DT점,커피전문점/카페/다방,"제주특별자치도 제주시 서해안로 380, (용담삼동)",126.484562504204,33.512386325943396
GS25,GS25제주아라점,제주아라점,편의점,"제주특별자치도 제주시 간월동로 6, (아라이동)",126.54357047362801,33.4850191284768
GS25,GS25,이도중앙점,편의점,"제주특별자치도 제주시 신설로7길 25, (이도이동)",126.544681612251,33.4938496094046
GS25,GS25,노형월광점,편의점,"제주특별자치도 제주시 월광로 25, (노형동)",126.464180793274,33.4841958474329
GS25,GS25노형중점,노형중점,편의점,"제주특별자치도 제주시 노형5길 42, (노형동)",126.474427905088,33.4796523089166
GS25,GS25,삼화엘에이치점,편의점,"제주특별자치도 제주시 화삼로 110, (도련이동, 제주삼화엘에이치3단지)",126.58665771640699,33.5144317959509
스타벅스,스타벅스제주중문DT점,제주중문DT점,커피전문점/카페/다방,"제주특별자치도 서귀포시 천제연로 95, (색달동)",126.415952645099,33.2551032223451
GS25,GS25,탐라도서관점,편의점,"제주특별자치도 제주시 노형1길 43, (노형동, 노형블래스빌)",126.47765465133001,33.4797010051792
이디야,이디야커피,성읍점,커피전문점/카페/다방,"제주특별자치도 서귀포시 표선면 번영로 2644, (성읍리)",126.784763470117,33.3990982386351
GS25,GS25,함덕골든튤립점,편의점,"제주특별자치도 제주시 조천읍 조함해안로 504, (함덕리)",126.66692071569099,33.542396365895
맥도날드,맥도날드,탑동점,패스트푸드,"제주특별자치도 제주시 임항로 17, (건입동)",126.52679721983401,33.5167365372118
GS25,GS25,외도중앙점,편의점,"제주특별자치도 제주시 우정로8길 20, (외도일동)",126.428958346703,33.4893890366896
스타벅스,스타벅스,중문점,커피전문점/카페/다방,"제주특별자치도 서귀포시 중문관광로110번길 32, (색달동)",126.41272861743799,33.251212328147
GS25,GS25제주용화점,제주용화점,편의점,"제주특별자치도 제주시 용화로 26, (용담이동)",126.506316630477,33.509729484886606
GS25,GS25서귀공천포점,서귀공천포점,편의점,"제주특별자치도 서귀포시 남원읍 일주동로 7897, (신례리)",126.641928604692,33.266215923680704
맥도날드,맥도날드제주월드컵스타디움DT점,제주월드컵스타디움DT점,패스트푸드,"제주특별자치도 서귀포시 일주서로 7, (강정동)",126.507510079769,33.2493927575423
GS25,GS25편의점동홍대림점,편의점동홍대림점,편의점,"제주특별자치도 서귀포시 동홍중앙로 50, (동홍동)",126.572294297177,33.2550582048028
GS25,GS25김녕예그리나점,김녕예그리나점,편의점,"제주특별자치도 제주시 구좌읍 일주동로 1845, (김녕리)",126.72881653173401,33.5565532004287
스타벅스,스타벅스서귀포DT점,서귀포DT점,커피전문점/카페/다방,"제주특별자치도 서귀포시 일주서로 11, (강정동)",126.506514043571,33.2492816226172
GS25,GS25,서귀신시가지점,편의점,"제주특별자치도 서귀포시 신서로48번길 52-11, (법환동)",126.51050043539401,33.2521244094553
GS25,GS25곽지해변점,곽지해변점,편의점,"제주특별자치도 제주시 애월읍 곽지1길 28, (곽지리)",126.304371236211,33.448583841472896
GS25,GS25탑동공원점,탑동공원점,편의점,"제주특별자치도 제주시 탑동로 37, (삼도이동)",126.52091719801399,33.5175590139564
GS25,GS25,성산해뜰점,편의점,"제주특별자치도 서귀포시 성산읍 일출로 270-8, (성산리)",126.93469648353201,33.4615350222629
이디야,이디야커피,제주한림점,커피전문점/카페/다방,"제주특별자치도 제주시 한림읍 한림로 711, (대림리, 정다운아파트)",126.26436693915899,33.4182344612082
GS25,GS25너울빌리지점,너울빌리지점,편의점,"제주특별자치도 제주시 한경면 일주서로 4469, (금등리)",126.193411438479,33.362750876518504
GS25,GS25안덕서광점,안덕서광점,편의점,"제주특별자치도 서귀포시 안덕면 중산간서로 1882, (서광리)",126.32206004587299,33.2892221018714
GS25,GS25동광로터리점,동광로터리점,편의점,"제주특별자치도 서귀포시 안덕면 신화역사로 493, (동광리)",126.340264212612,33.3103108257507
GS25,GS25노형정원,노형정원,편의점,"제주특별자치도 제주시 노형4길 17, (노형동)",126.476426766479,33.4816242855095
GS25,GS25서귀홍중점,서귀홍중점,편의점,"제주특별자치도 서귀포시 홍중로 57, (서홍동)",126.556723692865,33.257646396828605
GS25,GS25과원점,과원점,편의점,"제주특별자치도 제주시 과원로 51, (연동)",126.488899210347,33.4765028186001
GS25,GS25제주이호점,제주이호점,편의점,"제주특별자치도 제주시 일주서로 7519, (이호일동)",126.44995912122101,33.4949547143476
GS25,GS25,,편의점,"제주특별자치도 제주시 조천읍 교래3길 1, (교래리)",126.67731335216499,33.436768492915604
GS25,GS25,아라중앙점,편의점,"제주특별자치도 제주시 아란2길 79, (아라일동)",126.541587217204,33.4704623581004
GS25,GS25,신엄포구점,편의점,"제주특별자치도 제주시 애월읍 애월해안로 416, (신엄리)",126.352863995593,33.4735704036881
GS25,GS25,건입현대점,편의점,"제주특별자치도 제주시 만덕로3길 19, (건입동, 우일)",126.533373114223,33.516129382551796
GS25,GS25제주번영점,제주번영점,편의점,"제주특별자치도 제주시 번영로 470, (봉개동)",126.592260732493,33.4914511430187
GS25,GS25,성산아로하점,편의점,"제주특별자치도 서귀포시 성산읍 성산등용로 40, (성산리)",126.93109655253201,33.4664900705898
GS25,GS25,이도월드컵점,편의점,"제주특별자치도 제주시 서광로29길 25, (이도일동, 장원월드컵아파트)",126.52556987830201,33.5021615519254
GS25,GS25,퍼시픽랜드점,편의점,"제주특별자치도 서귀포시 중문관광로 154-17, (색달동)",126.41566231348801,33.2450287797317
GS25,GS25산방산온천,산방산온천,편의점,"제주특별자치도 서귀포시 안덕면 사계북로41번길 178-3, (사계리)",126.298266763626,33.249085463439805
GS25,GS25한라대학점,한라대학점,편의점,"제주특별자치도 제주시 한라대학로 72, (노형동)",126.478072190315,33.476126907978
GS25,GS25,제주하나호텔,편의점,"제주특별자치도 서귀포시 중문관광로72번길 53, (색달동)",126.40820252825701,33.2499102800114
GS25,GS25,제주영평,편의점,"제주특별자치도 제주시 아봉로 247, (영평동)",126.568463124709,33.4768072748435
GS25,GS25,제주천수점,편의점,"제주특별자치도 제주시 동광로 154, 1동  (일도이동, 일도월드하우스)",126.542834858732,33.5090194499805
맥도날드,맥도날드,제주성산점,패스트푸드,"제주특별자치도 서귀포시 성산읍 일출로 284-1, (성산리)",126.935346387382,33.4629291223297
GS25,GS25,함덕코업시티점,편의점,"제주특별자치도 제주시 조천읍 조함해안로 474, (함덕리)",126.663301396008,33.5432048384095
이디야,이디야커피,성산점,커피전문점/카페/다방,"제주특별자치도 서귀포시 성산읍 성산중앙로 43, (성산리)",126.93357276148001,33.4636982995964
GS25,GS25,제주교래점,편의점,"제주특별자치도 제주시 조천읍 비자림로 658, (교래리)",126.677085234654,33.4369193324119
GS25,GS25제주반딧불점,제주반딧불점,편의점,"제주특별자치도 제주시 한경면 녹차분재로 506, (저지리)",126.27014909068001,33.3173600952923
GS25,GS25,모슬포항점,편의점,"제주특별자치도 서귀포시 대정읍 하모항구로 4, (하모리)",126.25201934298799,33.2162852654693
GS25,GS25서귀서광로점,서귀서광로점,편의점,"제주특별자치도 서귀포시 안덕면 녹차분재로 61, (서광리)",126.301119968879,33.2906956449217
GS25,GS25,탐라스테이점,편의점,"제주특별자치도 제주시 애월읍 애월해안로 881, (하귀2리)",126.391093810611,33.487118079721
GS25,GS25,금악로타리점,편의점,"제주특별자치도 제주시 한림읍 중산간서로 4287, (금악리)",126.294436213429,33.3577249793463
GS25,GS25,중문사거리점,편의점,"제주특별자치도 서귀포시 중문로 80, (중문동)",126.426996459653,33.2580022919263
GS25,GS25,세화삼거리점,편의점,"제주특별자치도 제주시 구좌읍 일주동로 3103, (평대리)",126.851464708728,33.5237700416316
GS25,GS25서귀솔동산점,서귀솔동산점,편의점,"제주특별자치도 서귀포시 솔동산로 20, (서귀동)",126.563775541136,33.2431399510608
이디야,이디야커피제주중문점,제주중문점,커피전문점/카페/다방,"제주특별자치도 서귀포시 중문관광로 42, (색달동)",126.40982916537399,33.2548898215853
GS25,GS25노형신도시점,노형신도시점,편의점,"제주특별자치도 제주시 노형11길 12, (노형동, 인선빌딩)",126.478043079605,33.4839431441252
탐앤탐스,쇠소깍탐앤탐스,제주점,커피전문점/카페/다방,"제주특별자치도 서귀포시 쇠소깍로 122, (하효동)",126.622457260881,33.252684761624195
스타벅스,스타벅스제주노형공원점,제주노형공원점,커피전문점/카페/다방,"제주특별자치도 제주시 연북로 12, (노형동)",126.48253667786501,33.4816902383332
GS25,GS25,서귀중정점,편의점,"제주특별자치도 서귀포시 중정로 17-1, (서귀동)",126.558433210709,33.2476493192344
GS25,GS25서귀법환점,서귀법환점,편의점,"제주특별자치도 서귀포시 이어도로 900, (법환동)",126.510945766665,33.236622129537004
GS25,GS25외도대박점,외도대박점,편의점,"제주특별자치도 제주시 우정로16길 30, (외도일동)",126.427608278417,33.4860992543978
GS25,GS25노형광평점,노형광평점,편의점,"제주특별자치도 제주시 광평동로 13, (노형동)",126.47099564799299,33.4815032988324
GS25,GS25,연동해피점,편의점,"제주특별자치도 제주시 제원길 43, (연동)",126.489527282593,33.4861843169348
GS25,GS25,모슬포항점,편의점,"제주특별자치도 서귀포시 대정읍 하모항구로 48, (하모리)",126.249923236924,33.2181310455334
GS25,GS25성산삼달점,성산삼달점,편의점,"제주특별자치도 서귀포시 성산읍 일주동로 5251, (삼달리)",126.869423409922,33.3693419874745
GS25,GS25중문시티점,중문시티점,편의점,"제주특별자치도 서귀포시 중문상로 27, (중문동)",126.424838202908,33.2508974904066
GS25,GS25,수산삼거리점,편의점,"제주특별자치도 서귀포시 성산읍 서성일로 1029, (수산리)",126.888656299906,33.443792497387
GS25,GS25함덕라마다점,함덕라마다점,편의점,"제주특별자치도 제주시 조천읍 신북로 474, (함덕리)",126.660888626766,33.5432689258458
GS25,GS25,도두해안로점,편의점,"제주특별자치도 제주시 서해안로 301-1, (도두이동)",126.477731880835,33.5091020173409
GS25,GS25금호리조트제주점,금호리조트제주점,편의점,"제주특별자치도 서귀포시 남원읍 태위로 522-12, (남원리)",126.70281301531999,33.2736463497898
GS25,GS25서광로터리점,서광로터리점,편의점,"제주특별자치도 서귀포시 안덕면 중산간서로 2084, (서광리)",126.302131278538,33.2861475587966
GS25,GS25제주신엄점,제주신엄점,편의점,"제주특별자치도 제주시 애월읍 일주서로 6733, (신엄리, 은창빌라)",126.371367888496,33.4729584785964
GS25,GS25노형드림점,노형드림점,편의점,"제주특별자치도 제주시 원노형남2길 37, (노형동)",126.485219490425,33.4827057711635
스타벅스,스타벅스,제주에듀시티점,커피전문점/카페/다방,"제주특별자치도 서귀포시 대정읍 에듀시티로 36, (보성리)",126.28436266308901,33.291790714250396
GS25,GS25연동에코점,연동에코점,편의점,"제주특별자치도 제주시 신광로 16, (연동)",126.48996571528299,33.4906794726755
GS25,GS25아라타운점,아라타운점,편의점,"제주특별자치도 제주시 인다8길 8, (아라일동)",126.54579667550101,33.4760655490562
GS25,GS25,월산마을점,편의점,"제주특별자치도 제주시 월산남길 19, (노형동)",126.464960994823,33.4716827628736
GS25,GS25,중문희망점,편의점,"제주특별자치도 서귀포시 중문로 53, (중문동)",126.42565308055299,33.2563173487524
GS25,GS25노형에비뉴점,노형에비뉴점,편의점,"제주특별자치도 제주시 연북로 21, (노형동)",126.48361115981001,33.4823885831412
이디야,이디야커피한라수목원점,한라수목원점,커피전문점/카페/다방,"제주특별자치도 제주시 수목원길 9, (노형동)",126.486285219349,33.4696820949737
GS25,GS25,연동중앙점,편의점,"제주특별자치도 제주시 연동7길 35, (연동)",126.490916340772,33.4867421828189
GS25,GS25사계포구점,사계포구점,편의점,"제주특별자치도 서귀포시 안덕면 사계남로 165, (사계리)",126.307563082639,33.2282688598557
GS25,GS25,강정LH점,편의점,"제주특별자치도 서귀포시 대청로25번길 9, (강정동, 강정엘에이치아파트)",126.50229380451,33.2532429993583
스타벅스,스타벅스,제주성산DT점,커피전문점/카페/다방,"제주특별자치도 서귀포시 성산읍 일출로 80, (고성리)",126.920632326286,33.4497462306293
GS25,GS25제주신북점,제주신북점,편의점,"제주특별자치도 제주시 조천읍 신북로 66, 102동  (신촌리, 에스디빌)",126.62095237041001,33.5339048963168
GS25,GS25,서귀운진항점,편의점,"제주특별자치도 서귀포시 대정읍 최남단해안로125번길 35, (하모리)",126.257461171932,33.214468323961604
GS25,GS25동홍그린점,동홍그린점,편의점,"제주특별자치도 서귀포시 동홍동로32번길 12, (동홍동)",126.576224189507,33.2575646721694
GS25,GS25,한림금능점,편의점,"제주특별자치도 제주시 한림읍 한림로 224, (금능리)",126.231724045652,33.386607326802
GS25,GS25,관광대기숙사점,편의점,"제주특별자치도 제주시 애월읍 평화로 2715, (광령리)",126.43436073019,33.4474626522332
GS25,GS25,도두해안로점,편의점,"제주특별자치도 제주시 서해안로 301-1, (도두이동)",126.477796598644,33.509093797007
이디야,이디야커피,송악산점,커피전문점/카페/다방,"제주특별자치도 서귀포시 대정읍 최남단해안로 578, (상모리)",126.28975470393699,33.2073703080602
GS25,GS25,협재포구점,편의점,"제주특별자치도 제주시 한림읍 협재1길 42, (협재리)",126.24430827779899,33.398370782333195
GS25,GS25,서귀포부두점,편의점,"제주특별자치도 서귀포시 칠십리로 78, (서귀동)",126.564389822402,33.2396938600177
GS25,GS25아라나래점,아라나래점,편의점,"제주특별자치도 제주시 인다2길 75-1, (아라일동)",126.550447944497,33.471323630257004
스타벅스,스타벅스제주애월DT점,제주애월DT점,커피전문점/카페/다방,"제주특별자치도 제주시 애월읍 애월해안로 376, (고내리)",126.348814359959,33.4726870921413
GS25,GS25,성산동남점,편의점,"제주특별자치도 서귀포시 성산읍 고성오조로 47, (고성리)",126.91497581975901,33.4479386756517
GS25,GS25,,편의점,"제주특별자치도 서귀포시 대정읍 중산간서로 2386, (보성리)",126.278729219002,33.2725276284063
GS25,GS25제주약천사점,제주약천사점,편의점,"제주특별자치도 서귀포시 이어도로 293-20, (하원동)",126.451143084353,33.2445561221292
GS25,GS25제주난타파크점,제주난타파크점,편의점,"제주특별자치도 제주시 선돌목동길 56-26, (오등동)",126.54796866389601,33.4458158991655
GS25,GS25중문버자야점,중문버자야점,편의점,"제주특별자치도 서귀포시 예래로 38, (상예동)",126.40176375241,33.2564272963539
GS25,GS25,서귀글램블루점,편의점,"제주특별자치도 서귀포시 명동로 46, (서귀동)",126.56690605178801,33.247242344516
GS25,GS25제주하광로점,제주하광로점,편의점,"제주특별자치도 제주시 애월읍 하귀9길 71, (하귀1리, 제주하귀휴먼시아2단지)",126.41511922334,33.4812340169131
GS25,GS25,,편의점,"제주특별자치도 제주시 구좌읍 중산간동로 2264, (송당리)",126.784477431986,33.4712971367666
GS25,GS25귀일중점,귀일중점,편의점,"제주특별자치도 제주시 애월읍 항몽로 34, (하귀2리)",126.40541513322901,33.4806317015558
GS25,GS25연동신광,,편의점,"제주특별자치도 제주시 도령로 74, (연동)",126.48638846261001,33.4897252416275
GS25,GS25,제주애월중점,편의점,"제주특별자치도 제주시 애월읍 애월로 151, (애월리)",126.323337917705,33.4638885743693
GS25,GS25한라수목원,,편의점,"제주특별자치도 제주시 수목원길 65-6, (연동)",126.49199339206001,33.470536044065696
GS25,GS25노형신비,,편의점,"제주특별자치도 제주시 한라대학로 99, (노형동)",126.480755035905,33.4765114370935
GS25,GS25,이호해수욕장점,편의점,"제주특별자치도 제주시 서해안로 24, (이호일동)",126.457037997886,33.4998934781217
GS25,GS25,,편의점,"제주특별자치도 제주시 구좌읍 중산간동로 2262, (송당리)",126.78434784806299,33.4713319305229
GS25,gs25외도월대,,편의점,"제주특별자치도 제주시 도근내길 24, (외도일동)",126.433532379363,33.4923139054666
GS25,GS25,도남사거리점,편의점,"제주특별자치도 제주시 신성로 92, (도남동)",126.52901927453999,33.496098903988106
GS25,GS25,해도점,편의점,"제주특별자치도 제주시 애월읍 하광로 8, (하귀1리, 해도빌리지)",126.41062175372,33.484196627862
GS25,GS25,노형광평점,편의점,"제주특별자치도 제주시 광평동로 13, (노형동)",126.471038990936,33.4814858022795
GS25,GS25,성산오조점,편의점,"제주특별자치도 서귀포시 성산읍 한도로 129, (오조리)",126.921943448802,33.468953411255804
탐앤탐스,탐앤탐스,제주쇠소깍점,커피전문점/카페/다방,"제주특별자치도 서귀포시 쇠소깍로 122, (하효동)",126.622382156828,33.252683929608004
GS25,GS25서귀혁신점,서귀혁신점,편의점,"제주특별자치도 서귀포시 대청로 33, (강정동)",126.503397041284,33.25273335290311
GS25,GS25,제주신평점,편의점,"제주특별자치도 서귀포시 대정읍 중산간서로 2613, (신평리)",126.259026394211,33.264833410987
GS25,GS25,성산신양점,편의점,"제주특별자치도 서귀포시 성산읍 섭지코지로26번길 6, (고성리)",126.919241247481,33.4387612133882
GS25,GS25동홍대림,,편의점,"제주특별자치도 서귀포시 동홍중앙로 49, (동홍동)",126.57192950407499,33.2550540157672
GS25,GS25,한림중앙점,편의점,"제주특별자치도 제주시 한림읍 한림로 656, (한림리)",126.26333226876699,33.4140458547295
GS25,GS25,대정한신점,편의점,"제주특별자치도 서귀포시 대정읍 에듀시티로 102, (보성리, 한신더휴)",126.27880837381201,33.2881797973737
이디야,이디야커피전문점,,커피전문점/카페/다방,제주특별자치도 제주시 칠성로길 45-6,126.528050485603,33.5145516038303
이디야,이디야커피,이자카야,소주방/포장마차,"제주특별자치도 서귀포시 중앙로71번길 6-2, (서귀동)",126.56083663562299,33.2509319790139
GS25,제주표선GS25편의점,,편의점,"제주특별자치도 서귀포시 표선면 표선중앙로 90, (표선리)",126.83351404467899,33.3256319412259
스타벅스,스타벅스,제주신화월드점,커피전문점/카페/다방,"제주특별자치도 서귀포시 안덕면 신화역사로304번길 38, (서광리)",126.32029423445299,33.3018201601756
맥도날드,한국맥도날드제주중문DT점,,패스트푸드,"제주특별자치도 서귀포시 중문관광로 38, (색달동)",126.413583453022,33.2549738421094
GS25,GS25,이도신설점,편의점,"제주특별자치도 제주시 신설로2길 1, (이도이동)",126.54210702421899,33.4940176890521
GS25,GS25,제주메종글래드호텔점,편의점,"제주특별자치도 제주시 노연로 80, (연동)",126.48839567956499,33.4850525725179
GS25,GS25,연동은수길점,편의점,"제주특별자치도 제주시 수목원길 23, (연동)",126.487355305814,33.469388625118
맥도날드,맥도날드,제주중문DT점,패스트푸드,"제주특별자치도 서귀포시 중문관광로 38, (색달동)",126.413583453022,33.2549738421094
탐앤탐스,던킨.탐앤탐스,제주대학병원점,커피전문점/카페/다방,"제주특별자치도 제주시 아란13길 15, (아라일동)",126.54525635702,33.4671966776734
스타벅스,스타벅스,제주신화월드점,커피전문점/카페/다방,"제주특별자치도 서귀포시 안덕면 서광동로34번길 14-19, (서광리)",126.334191092445,33.289754949686106
GS25,GS25,,편의점,"제주특별자치도 제주시 우정로4길 4, (외도일동, 백강수피아5차)",126.430694602794,33.491556748431
GS25,GS25,표선동서로점,편의점,"제주특별자치도 서귀포시 표선면 표선동서로 76, (표선리)",126.82449482913799,33.3126354191257
스타벅스,스타벅스,제주시청점,커피전문점/카페/다방,제주특별자치도 제주시 광양7길 1,126.529653907001,33.500569227167
GS25,GS25,제주비자림점,편의점,"제주특별자치도 제주시 구좌읍 비자림로 2279, (평대리)",126.811963582389,33.4965925006664
GS25,GS25,제주성읍점,편의점,"제주특별자치도 서귀포시 표선면 서성일로 24, (성읍리)",126.801309349353,33.3942010513853
GS25,GS25,법환포구점,편의점,"제주특별자치도 서귀포시 막숙포로 66, (법환동)",126.51477955333598,33.235775377878
GS25,GS25,삼도동양점,편의점,"제주특별자치도 제주시 홍랑길 20, (삼도일동, 동양맨션)",126.523288543472,33.5015213104869
GS25,GS25,제주대동점,편의점,"제주특별자치도 제주시 대동길 2, (이호이동)",126.463282239133,33.494255179598
GS25,GS25,노형중앙점,편의점,"제주특별자치도 제주시 다랑곶길 19, (노형동)",126.480060001837,33.4879708589002
GS25,GS25,이도구남점,편의점,"제주특별자치도 제주시 구남동2길 11-1, (이도이동)",126.536527248262,33.489885802223505
GS25,GS25,연동모디움점,편의점,"제주특별자치도 제주시 삼무로1길 10-9, (연동)",126.48847539701599,33.4903727994439
GS25,GS25,성산오일장점,편의점,"제주특별자치도 서귀포시 성산읍 고성오조로 106, (고성리)",126.91406330937401,33.452979836212805
GS25,GS25,제주대흘점,편의점,"제주특별자치도 제주시 조천읍 중산간동로 700, (대흘리)",126.659190215321,33.4977472787317
GS25,GS25,산방사계로점,편의점,"제주특별자치도 서귀포시 안덕면 사계로114번길 53-7, (사계리)",126.304228737652,33.2437304537782
GS25,GS25,R제주예시장점,편의점,"제주특별자치도 제주시 애월읍 평화로 2144, (유수암리)",126.39317621369801,33.4098275071592
이디야,이디야커피,서귀포동홍점,커피전문점/카페/다방,"제주특별자치도 서귀포시 동홍동로 9, (동홍동)",126.574784544418,33.255681837887
이디야,이디야커피,제주연북로점,커피전문점/카페/다방,"제주특별자치도 제주시 연북로 34, (노형동)",126.485011802735,33.481657412499196
GS25,GS25,외도부영점,편의점,"제주특별자치도 제주시 우정로7길 30, (외도일동)",126.43416062458,33.4890942651515
