브랜드,카테고리,지점,전화번호,주차시설,주소,위도,경도
이마트,마트,PK PEACOCK 대치역점,02-564-2200,총 0대,"""서울 강남구 남부순환로 2947 (대치동",37.5047072,127.0485641
이마트,마트,SSG 도곡점,02-2191-1234,총 85대,서울특별시 강남구  언주로30길 57 타워팰리스II 지하1층,37.5047059,127.0332432
이마트,마트,SSG 청담점,02-6947-1200,총 73대,서울특별시 강남구  도산대로 442,37.488357,127.0515216
이마트,마트,가든5점,02-411-1235,총 799대,서울특별시 송파구 충민로 10,37.5051784,127.0318042
이마트,마트,가양점,02-2101-1234,"""총 1107대""",서울 강서구 양천로 559,37.5007535,127.0467236
이마트,마트,감삼점,053-722-1234,총 710대,대구광역시 달서구 와룡로 143,37.5007535,127.0467236
이마트,마트,강릉점,033-649-1234,총 713대,강원도 강릉시 경강로 2398-10,37.5007535,127.0467236
이마트,마트,검단점,032-440-1234,총 726대,인천광역시 서구 서곶로 754,37.5007535,127.0467236
이마트,마트,경기광주점,031-8026-1234,총 429대,경기 광주시 광주대로 30,37.5007535,127.0467236
이마트,마트,경산점,053-940-1234,총 917대,경상북도 경산시 옥산로 227,37.5007535,127.0467236
이마트,마트,계양점,032-717-1234,총 738대,인천광역시 계양구 봉오대로 785 이마트계양점,37.5007535,127.0467236
이마트,마트,고잔점,031-599-1234,총 912대,경기도 안산시 단원구 원포공원1로 46,37.5007535,127.0467236
이마트,마트,과천점,02-6445-4123,총 358대,경기도 과천시  별양상가3로 11,37.5007535,127.0467236
이마트,마트,광교점,031-328-9123,총 700대,경기도 수원시 광교로 191(이의동),37.5007535,127.0467236
이마트,마트,광명소하점,02-6918-1234,총 773대,경기도 광명시 소하로 97,37.5007535,127.0467236
이마트,마트,광명점,02-2676-1234,총 296대,경기도 광명시 오리로 970 지하2층,37.5007535,127.0467236
이마트,마트,광산점,062-949-1234,총 646대,광주광역시 광산구 사암로 172 이마트 광산점,37.5007535,127.0467236
이마트,마트,광주점,062-360-0123,"""총 2300대""",광주 서구 죽봉대로 61,37.5007535,127.0467236
이마트,마트,구로점,02-2009-1234,총 579대,서울 구로구 디지털로 32길 43,37.5007535,127.0467236
이마트,마트,구미점,054-467-1234,총 936대,경상북도 구미시 구미대로 256,37.5007535,127.0467236
이마트,마트,군산점,063-472-1234,"""총 1018대""",전북 군산시 구암3.1로 137,37.5007535,127.0467236
이마트,마트,금정점,051-606-1234,총 891대,부산광역시 금정구 중앙대로1841번길 24,37.5007535,127.0467236
이마트,마트,김천점,054-420-1234,총 500대,경북 김천시 시청로 75,37.5007535,127.0467236
이마트,마트,김포점,031-8048-5678,총 688대,"""경기 김포시 김포대로 715 (풍무동",37.5007535,127.0467236
이마트,마트,김포한강점,031-990-7123,총 635대,경기도 김포시 김포한강7로 71 구주소)경기 김포시 구래동 6880-9,37.5007432,127.0467235
이마트,마트,김해점,055-310-1234,"""총 1703대""",경남 김해시 김해대로 2232 (외동) 이마트 김해점,37.5007329,127.0467235
이마트,마트,남양주점,031-590-1234,총 660대,경기도 남양주시 늘을2로 27,37.5007225,127.0467234
이마트,마트,남원점,063-620-3123,총 170대,전북 남원시 남문로 385-16,37.5007122,127.0467234
이마트,마트,노브랜드 강남대치역점,02-3453-9775,총 -대,"""서울 강남구 남부순환로 2947 (대치동",37.5007018,127.0467234
이마트,마트,노브랜드 강남삼성점,02-541-7285,총 5대,"""서울 강남구 삼성로 633 (삼성동",37.5006915,127.0467233
이마트,마트,노브랜드 강남세곡점,02-541-7285,총 5대,"""서울 강남구 삼성로 633 (삼성동",37.5006812,127.0467233
이마트,마트,노브랜드 강남역삼점,02-2051-9666,총 122대,"""서울 강남구 강남대로 324 (역삼동",37.5006708,127.0467233
이마트,마트,노브랜드 강남터미널점,02-537-8491,총 -대,"""서울 서초구 신반포로 194 (반포동",37.5006605,127.0467232
이마트,마트,노브랜드 강남한티역점,02-2052-1008,총 -대,서울 강남구 선릉로 318 (대치동),37.5006502,127.0467232
이마트,마트,노브랜드 강릉교동점,-,총 -대,강원 강릉시 경포로 72-3,37.5006398,127.0467231
이마트,마트,노브랜드 강서가양점,02-3665-7661,총 20대,서울 강서구 양천로 410 (가양동) 1층,37.5006295,127.0467231
이마트,마트,노브랜드 강서마곡점,02-3665-7661,총 20대,서울 강서구 양천로 410 (가양동) 1층,37.5006191,127.0467231
이마트,마트,노브랜드 거제아주점,055-682-5773,총 -대,경남 거제시 아주2로 51 (아주동),37.5006088,127.046723
이마트,마트,노브랜드 거제양정점,055-638-4850,총 7대,경남 거제시 수양로 487 1층 101호,37.5006088,127.046723
이마트,마트,노브랜드 경동시장점,02-3295-4785,총 -대,"""서울 동대문구 고산자로36길 3 (제기동",37.5005985,127.046723
이마트,마트,노브랜드 경산백천점,053-812-1182,총 -대,경북 경산시 경청로222길 24 (백천동) 1층,37.5005881,127.046723
이마트,마트,노브랜드 경산사동점,053-817-1771,총 null대,경북 경산시 백자로 72 (사동) 103호,37.5005778,127.0467229
이마트,마트,노브랜드 경산정평점,053-811-2950,총 12대,경북 경산시 대학로 44 (정평동) 1층,37.5005675,127.0467229
이마트,마트,노브랜드 경주용강점,054-773-2012,총 -대,경북 경주시 산업로 4506,37.5005571,127.0467228
이마트,마트,노브랜드 고양SF점,031-5174-1000,총 -대,"""경기 고양시 덕양구 고양대로 1955 (동산동",37.5005468,127.0467228
이마트,마트,노브랜드 고양도내점,031-968-9196,총 3대,경기 고양시 덕양구 도래울1로 61 (도내동),37.5005364,127.0467228
이마트,마트,노브랜드 고양마두점,031-932-6731,총 -대,"""경기 고양시 일산동구 일산로 255 (마두동",37.5005261,127.0467227
이마트,마트,노브랜드 고양신원점,02-381-9692,총 21대,경기 고양시 덕양구 권율대로 896-12 1층,37.5005158,127.0467227
이마트,마트,노브랜드 고양위시티점,031-968-9201,총 10대,경기 고양시 일산동구 위시티2로 33 (식사동),37.5005054,127.0467227
이마트,마트,노브랜드 고양정발산점,031-9223-4930,총 5대,"""경기 고양시 일산동구 대산로 23 (정발산동",37.5004951,127.0467226
이마트,마트,노브랜드 고양풍동점,031-932-6522,총 17대,경기 고양시 일산동구 고일로 134 (풍동) 다동,37.5004848,127.0467226
이마트,마트,노브랜드 고양행신점,031-979-5982,총 -대,"""경기 고양시 덕양구 용현로 9 (행신동",37.5004744,127.0467225
이마트,마트,노브랜드 고양행신중앙점,031-979-5250,총 -대,"""경기 고양시 덕양구 중앙로557번길 10 (행신동",37.5004641,127.0467225
이마트,마트,노브랜드 공주 신관동점,041-881-9971,총 7대,충남 공주시 한적2길 29,37.5004641,127.0467225
이마트,마트,노브랜드 광명소하점,02-899-9390,총 80대,경기 광명시 한내일로 53 (소하동),37.5004641,127.0467225
이마트,마트,노브랜드 광명역점,02-899-8711,총 45대,경기 광명시 신기로17번길 4,37.5004641,127.0467225
이마트,마트,노브랜드 광주초월점,031-798-0746,총 25대,경기 광주시 초월읍 경충대로 1215 (대쌍령리),37.5004641,127.0467225
이마트,마트,노브랜드 광주태전점,031-768-9064,총 대,경기 광주시 태전동로 25 (태전동) 제1층 제101호(태전동),37.5004641,127.0467225
이마트,마트,노브랜드 구리갈매점,031-575-5126,총 360대,경기 구리시 경춘북로 252 아이파크 애비뉴C동 1층,37.5004641,127.0467225
이마트,마트,노브랜드 구리인창점,031-554-4782,총 14대,"""경기 구리시 동구릉로136번길 33 (인창동",37.5004641,127.0467225
이마트,마트,노브랜드 구미선산시장점,054-482-9633,총 -대,"""경북 구미시 선산읍 단계동길 24 (완전리",37.5004641,127.0467225
이마트,마트,노브랜드 구미송정점,054-453-8666,총 -대,경북 구미시 송정대로 88 (송정동),37.5004641,127.0467225
이마트,마트,노브랜드 구미진평점,054-476-2129,총 대,경북 구미시 인동36길 14-1,37.5004641,127.0467225
이마트,마트,노브랜드 구미확장점,054-472-3888,총 '-대,경북 구미시 산동면 신당2로 9 (신당리) 102호,37.5004641,127.0467225
이마트,마트,노브랜드 군산미장점,063-452-8899,총 -대,전북 군산시 수송로 253 (미장동) 다산빌딩 101호,37.5004641,127.0467225
이마트,마트,노브랜드 군포당동TR점,031-361-3494,총 714대,경기 군포시 삼성로 74 (부곡동),37.5004641,127.0467225
이마트,마트,노브랜드 군포산본역점,031-399-7417,총 -대,경기 군포시 번영로 494,37.5004641,127.0467225
이마트,마트,노브랜드 김천율곡점,054-435-7263,총 8대,경북 김천시 혁신로 242 (율곡동),37.5004641,127.0467225
이마트,마트,노브랜드 김포운양점,031-996-4255,총 40대,경기 김포시 김포한강11로 312 (운양동) 1층 108~114호 (리앤포레2),37.5004641,127.0467225
이마트,마트,노브랜드 김포장기점,031-989-4268,총 7대,경기 김포시 김포한강2로23번길 32 (장기동),37.5004641,127.0467225
이마트,마트,노브랜드 김포장기청송점,031-996-6994,총 46대,경기 김포시 청송로 8 (장기동) 1층 104호 (석권에듀프라자),37.5004641,127.0467225
이마트,마트,노브랜드 김포풍무TR점,031-8048-5663,총 -대,경기 김포시 김포대로 715,37.5004641,127.0467225
이마트,마트,노브랜드 김포풍무점,031-996-7867,총 -대,경기 김포시 풍무로96번길 25-2 (풍무동) 1동,37.5004641,127.0467225
이마트,마트,노브랜드 김해구산점,055-336-8847,총 130대,경남 김해시 삼계로 30,37.5004641,127.0467225
이마트,마트,노브랜드 김해진영점,055-346-7256,총 21대,경남 김해시 진영읍 장등로122번길 79 (진영리) 1층 101~108호,37.5004641,127.0467225
이마트,마트,노브랜드 나주빛가람점,061-331-9474,총 20대,전남 나주시 상야4길 22 (빛가람동) 1층 노브랜드 나주빛가람점,37.5004641,127.0467225
이마트,마트,노브랜드 남양주 다산점,031-554-3752,총 180대,경기 남양주시 다산중앙로123번길 7-14 (다산동) 다산퍼스트타워(111~115호),37.5004641,127.0467225
이마트,마트,노브랜드 남양주도곡점,031-577-9511,총 70대,"""경기 남양주시 와부읍 덕소로 269 (도곡리",37.5004641,127.0467225
이마트,마트,노브랜드 남양주별내점,031-856-8078,총 -대,"""경기 남양주시 별내면 청학로중앙길 15 (청학리",37.5004641,127.0467225
이마트,마트,노브랜드 남양주오남점,031-575-0860,총 7대,경기 남양주시 오남읍 진건오남로 506 (오남리),37.5004641,127.0467225
이마트,마트,노브랜드 남양주진접점,031-575-6351,총 14대,경기 남양주시 진접읍 봉현로14번길 11 (장현리),37.5004641,127.0467225
이마트,마트,노브랜드 남양주퇴계원점,031-575-9305,총 5대,경기 남양주시 퇴계원면 퇴계원로 116,37.5004641,127.0467225
이마트,마트,노브랜드 남양주평내점,031-595-7506,총 7대,경기 남양주시 경춘로1308번길 8-9,37.5004641,127.0467225
이마트,마트,노브랜드 남양주호평점,031-595-6882,총 27대,경기 남양주시 호평로68번길 7 (호평동),37.5004641,127.0467225
이마트,마트,노브랜드 남양주화도2점,031-595-8795,총 100대,경기 남양주시 화도읍 경춘로 1645 C동 1층,37.5004641,127.0467225
이마트,마트,노브랜드 남양주화도점,031-595-9347,총 25대,경기 남양주시 화도읍 창현로 57 (창현리),37.5004641,127.0467225
이마트,마트,노브랜드 노원 중계점,02-3392-5380,총 대,서울 노원구 중계로 119,37.5004641,127.0467225
이마트,마트,노브랜드 노원상계점,02-3392-4882,총 2대,서울 노원구 수락산로 222,37.5004641,127.0467225
이마트,마트,노브랜드 논산내동점,041-736-9666,총 대,충남 논산시 시민로 275,37.5004641,127.0467225
이마트,마트,노브랜드 당진어시장점,041-357-9590,총 169대,충남 당진시 당진시장길 100 (읍내동),37.5004641,127.0467225
이마트,마트,노브랜드 당진원당점,041-356-9261,총 대,충남 당진시 원당로 42 (원당동),37.5004641,127.0467225
이마트,마트,노브랜드 대구매천점,053-322-0999,총 -대,"""대구 북구 매전로4길 32 (매천동",37.5004641,127.0467225
이마트,마트,노브랜드 대구봉무점,053-983-2929,총 null대,대구 동구 팔공로49길 15 (봉무동) 1층,37.5004641,127.0467225
이마트,마트,노브랜드 대구사수점,053-321-1173,총 -대,대구 북구 내곡로 38-4 (사수동),37.5004641,127.0467225
이마트,마트,노브랜드 대구세천점,053-584-2526,총 -대,대구 달성군 다사읍 세천로 144,37.5004641,127.0467225
이마트,마트,노브랜드 대구옥포점,053-611-3800,총 -대,대구 달성군 옥포읍 돌미상업로2길 22-15,37.5004641,127.0467225
이마트,마트,노브랜드 대구월배시장점,053-637-9330,총 28대,대구 달서구 월배로24길 13 (진천동,37.5004641,127.0467225
이마트,마트,노브랜드 대구유가점,053-614-5151,총 -대,대구 달성군 유가읍 테크노상업로 120 (봉리,37.5004641,127.0467225
이마트,마트,노브랜드 대구율하점,053-965-1088,총 -대,대구 동구 안심로22길 60-23 (율하동) 117호,37.5004641,127.0467225
이마트,마트,노브랜드 대구학정점,053-312-3399,총 -대,대구 북구 학정로 535,37.5004641,127.0467225
이마트,마트,노브랜드 대구현풍점,053-614-6148,총 -대,대구 달성군 현풍읍 테크노대로 54 (중리) 1층,37.5004641,127.0467225
이마트,마트,노브랜드 대전 중촌동점,042-257-9952,총 대,대전 중구 대종로 626,37.5004641,127.0467225
이마트,마트,노브랜드 대전가수원점,042-543-8177,총 22대,대전 서구 도안동로12번길 9 (가수원동) 1층,37.5004641,127.0467225
이마트,마트,노브랜드 대전가오2점,042-273-6060,총 -대,대전 동구 대전로 408 (가오동) 1층,37.5004641,127.0467225
이마트,마트,노브랜드 대전가오점,042-286-9560,총 180대,대전 동구 은어송로 72 (가오동,37.5004641,127.0467225
이마트,마트,노브랜드 대전갈마점,042-537-8680,총 대,대전 서구 신갈마로 186 (갈마동,37.5004641,127.0467225
이마트,마트,노브랜드 대전관저2점,042-525-8998,총 -대,대전 서구 관저북로 19,37.5004641,127.0467225
이마트,마트,노브랜드 대전관저점,042-545-8521,총 64대,대전 서구 구봉로 139 (관저동) 1층,37.5004641,127.0467225
이마트,마트,노브랜드 대전관평점,042-936-9607,총 4대,대전 유성구 테크노중앙로 60 (관평동) 1층,37.5004641,127.0467225
이마트,마트,노브랜드 대전노은점,042-824-7783,총 대,"""대전 유성구 노은동로75번길 52 (노은동",37.5004641,127.0467225
이마트,마트,노브랜드 대전둔산점,042-489-7801,총 44대,"""대전 서구 대덕대로 230 (둔산동",37.5004641,127.0467225
이마트,마트,노브랜드 대전문지점,042-862-8571,총 36대,대전 유성구 문지로299번길 66 (문지동),37.5004641,127.0467225
이마트,마트,노브랜드 대전산성시장점,042-587-9007,총 -대,대전 중구 보문산로63번길 23 (산성동),37.5004641,127.0467225
이마트,마트,노브랜드 대전세이점,042-257-9174,총 -대,"""대전 중구 계백로 1700 (문화동",37.5004641,127.0467225
이마트,마트,노브랜드 대전용계점,042-824-8979,총 40대,"""대전 유성구 도안북로 85-31 (용계동",37.5004641,127.0467225
이마트,마트,노브랜드 대전유성온천점,042-824-9058,총 50대,대전 유성구 계룡로 150 (봉명동) 1층 104~107호 (승호빌딩),37.5004641,127.0467225
이마트,마트,노브랜드 대전죽동점,042-824-4330,총 15대,"""대전 유성구 죽동로297번길 38 (죽동",37.5004641,127.0467225
이마트,마트,노브랜드 대전지족점,042-823-8342,총 12대,"""대전 유성구 지족북로 78 (지족동",37.5004641,127.0467225
이마트,마트,노브랜드 대전탄방점,042-489-8382,총 3대,대전 서구 탄방로 8 (탄방동) 제1층(진양빌딩),37.5004641,127.0467225
이마트,마트,노브랜드 대전판암점,042-286-8757,총 대,대전 동구 옥천로 178 (판암동),37.5004641,127.0467225
이마트,마트,노브랜드 동대문두타몰점,02-2279-7943,총 -대,"""서울 중구 장충단로 275 (을지로6가",37.5004641,127.0467225
이마트,마트,노브랜드 동대문장안점,02-2217-8101,총 90대,"""서울 동대문구 한천로 42 (장안동",37.5004641,127.0467225
이마트,마트,노브랜드 동해남부시장점,033-522-0690,총 대,강원 동해시 청운1길 29 (동회동) 1층,37.5004641,127.0467225
이마트,마트,노브랜드 마리오아울렛점,02-2067-2139,총 000대,"""서울 금천구 벚꽃로 266 (가산동",37.5004641,127.0467225
이마트,마트,노브랜드 마산현동점,055-221-0802,총 null대,경남 창원시 마산합포구 현동4길 10 (우산동),37.5004641,127.0467225
이마트,마트,노브랜드 문경모전점,054-553-8899,총 -대,경북 문경시 당교로 242 (모전동),37.5004641,127.0467225
이마트,마트,노브랜드 문경중앙시장점,054-555-6103,총 -대,"""경북 문경시 중앙시장길 25 (점촌동",37.5004641,127.0467225
이마트,마트,노브랜드 보령동대점,041-936-9780,총 20대,충남 보령시 한내로 73 (동대동) 1층,37.5004641,127.0467225
이마트,마트,노브랜드 부산다대점,051-266-8410,총 26대,부산 사하구 다대로 447 (다대동),37.5004641,127.0467225
이마트,마트,노브랜드 부산아웃렛점,051-940-1102,총 -대,"""부산 기장군 장안읍 정관로 1133 (좌천리",37.5004641,127.0467225
이마트,마트,노브랜드 부산아트몰링점,051-999-7314,총 200대,"""부산 사하구 낙동남로 1413 (하단동",37.5004641,127.0467225
이마트,마트,노브랜드 부천상2동점,032-329-8930,총 -대,"""경기 부천시 조마루로 87 (상동",37.5004641,127.0467225
이마트,마트,노브랜드 부천상동역점,032-329-9415,총 2대,경기 부천시 장말로 1,37.5004641,127.0467225
이마트,마트,노브랜드 부천상동점,032-329-9415,총 -대,경기 부천시 장말로 1,37.5004641,127.0467225
이마트,마트,노브랜드 부천옥길SF점,02-6386-1179,총 -대,"""경기 부천시 옥길로 1 (옥길동",37.5004641,127.0467225
이마트,마트,노브랜드 부천중동점,032-329-7674,총 78대,"""경기 부천시 부흥로315번길 58 (102",37.5004641,127.0467225
이마트,마트,노브랜드 삼척중앙시장점,033-575-9395,총 -대,"""강원 삼척시 진주로 12-21 (남양동",37.5004641,127.0467225
이마트,마트,노브랜드 서대문신촌점,02-362-9560,총 대,서울 서대문구 명물길 32,37.5004641,127.0467225
이마트,마트,노브랜드 서산예천점,041-668-8680,총 30대,충남 서산시 남부순환로 1037 (예천동),37.5004641,127.0467225
이마트,마트,노브랜드 서울서초G5점,02-537-8217,총 -대,"""서울 서초구 서초중앙로24길 27 (서초동",37.5004641,127.0467225
이마트,마트,노브랜드 서울서초점,02-537-8491,총 3대,서울 서초구 서초대로73길 7 (서초동),37.5004641,127.0467225
이마트,마트,노브랜드 서초방배점,02-2055-2148,총 -대,"""서울 서초구 방배로 110 (방배동",37.5004641,127.0467225
이마트,마트,노브랜드 성남 여수점,031-759-5697,총 8대,경기 성남시 중원구 연꽃로20번길 18-2,37.5004641,127.0467225
이마트,마트,노브랜드 성남 이매2점,031-724-0107,총 29대,경기 성남시 분당구 성남대로779번길 56,37.5004641,127.0467225
이마트,마트,노브랜드 세종나성점,044-868-3853,총 117대,"""세종특별자치시 한누리대로 275 (나성동",37.5004641,127.0467225
이마트,마트,노브랜드 세종대평시장점,044-868-8618,총 대,세종특별자치시 금남면 용포로 116 (용포리),37.5004641,127.0467225
이마트,마트,노브랜드 세종소담점,044-868-3481,총 67대,"""세종특별자치시 소담1로 16 (소담동",37.5004641,127.0467225
이마트,마트,노브랜드 세종아름점,044-868-3805,총 57대,"""세종특별자치시 보듬3로 150 (아름동",37.5004641,127.0467225
이마트,마트,노브랜드 세종조치원점,044-868-6170,총 -대,세종특별자치시 조치원읍 세종로 2282 (죽림리) 세종럭스스퀘어 1층,37.5004641,127.0467225
이마트,마트,노브랜드 속초조양점,033-637-7076,총 -대,강원 속초시 동해대로 4142 (조양동) 1층,37.5004641,127.0467225
이마트,마트,노브랜드 송파문정점,02-449-7210,총 180대,"""서울 송파구 법원로 55 (문정동",37.5004641,127.0467225
이마트,마트,노브랜드 수원 호매실2점,031-298-7450,총 대,경기 수원시 권선구 호매실로90번길 86,37.5004641,127.0467225
이마트,마트,노브랜드 수원망포점,031-273-8461,총 8대,경기 수원시 영통구 영통로200번길 130 (망포동),37.5004641,127.0467225
이마트,마트,노브랜드 수원영통점,031-273-8586,총 33대,경기 수원시 영통구 매영로 390,37.5004641,127.0467225
이마트,마트,노브랜드 수원오목천점,031-298-8559,총 6대,경기 수원시 권선구 오목천로 37 (오목천동) 1층,37.5004641,127.0467225
이마트,마트,노브랜드 수원이의점,031-216-6820,총 -대,"""경기 수원시 영통구 에듀타운로 84 (이의동",37.5004641,127.0467225
이마트,마트,노브랜드 수원천천점,031-271-9116,총 25대,경기 수원시 장안구 정자로20번길 10 (천천동),37.5004641,127.0467225
이마트,마트,노브랜드 수원호매실3호점,031-278-7022,총 대,경기 수원시 권선구 매실로69번길 2 (호매실동),37.5004641,127.0467225
이마트,마트,노브랜드 수원호매실점,031-278-7940,총 49대,경기 수원시 권선구 금곡로102번길 20 (금곡동),37.5004641,127.0467225
이마트,마트,노브랜드 수원화서점,031-278-5981,총 27대,경기 수원시 팔달구 화산로 56 (화서동),37.5004641,127.0467225
이마트,마트,노브랜드 스타필드 하남점,031-8069-4071,총 6200대,"""경기 하남시 미사대로 750 (신장동",37.5004641,127.0467225
이마트,마트,노브랜드 시흥목감점,031-487-8863,총 18대,경기 시흥시 목감둘레로 59-19,37.5004641,127.0467225
이마트,마트,노브랜드 시흥아울렛점,031-8072-3216,총 2000대,"""경기 시흥시 서해안로 699 (정왕동",37.5004641,127.0467225
이마트,마트,노브랜드 시흥정왕점,031-434-9716,총 16대,경기 시흥시 함송로 16 (정왕동),37.5004641,127.0467225
이마트,마트,노브랜드 아산둔포점,041-549-9606,총 대,"""충남 아산시 둔포면 아산밸리북로 48 (석곡리",37.5004641,127.0467225
이마트,마트,노브랜드 아산배방점,041-549-6197,총 31대,"""충남 아산시 배방읍 북수로 101 (북수리",37.5004641,127.0467225
이마트,마트,노브랜드 안동구시장점,054-857-9071,총 null대,경북 안동시 번영4길 15 (서부동),37.5004641,127.0467225
이마트,마트,노브랜드 안동옥동점,054-858-5859,총 -대,경북 안동시 경북대로 382 (옥동),37.5004641,127.0467225
이마트,마트,노브랜드 안산고잔점,031-487-9041,총 -대,경기 안산시 단원구 광덕2로 156,37.5004641,127.0467225
이마트,마트,노브랜드 안산이동점,031-502-2330,총 대,경기 안산시 상록구 중보로 23 (이동),37.5004641,127.0467225
이마트,마트,노브랜드 안성공도점,031-692-0980,총 80대,경기 안성시 공도읍 공도로 159 (만정리),37.5004641,127.0467225
이마트,마트,노브랜드 안성시장점,031-677-8911,총 15대,경기 안성시 시장길 37 (서인동) 지하1층,37.5004641,127.0467225
이마트,마트,노브랜드 안양평촌점,031-426-8662,총 10대,경기 안양시 동안구 흥안대로 451 (평촌동) A동,37.5004641,127.0467225
이마트,마트,노브랜드 양산물금2점,055-367-7083,총 64대,경남 양산시 물금읍 증산역로 167 (가촌리),37.5004641,127.0467225
이마트,마트,노브랜드 양산물금점,055-367-9692,총 40대,경남 양산시 물금읍 청운로 350 (범어리),37.5004641,127.0467225
이마트,마트,노브랜드 양주LF점,031-894-2650,총 500대,"""경기 양주시 평화로 1593 (회정동",37.5004641,127.0467225
이마트,마트,노브랜드 양주광사점,031-856-7955,총 -대,경기 양주시 고읍남로 7 (광사동),37.5004641,127.0467225
이마트,마트,노브랜드 양주덕정점,031-868-7741,총 14대,경기 양주시 화합로1402번길 9 (덕정동),37.5004641,127.0467225
이마트,마트,노브랜드 양주옥정점,031-862-8910,총 49대,경기 양주시 옥정동로7가길 44 (옥정동) 비타민프라자 1층,37.5004641,127.0467225
이마트,마트,노브랜드 엔터식스한양대점,02-6454-6150,총 347대,"""서울 성동구 왕십리로 241 (행당동",37.5004641,127.0467225
이마트,마트,노브랜드 여주한글시장점,031-886-9420,총 20대,"""경기 여주시 세종로14번길 18 (창동",37.5004641,127.0467225
이마트,마트,노브랜드 영등포양평점,02-2069-2390,총 5대,서울 영등포구 양평로 135 (양평동5가),37.5004641,127.0467225
이마트,마트,노브랜드 영등포여의도점,02-786-7668,총 123대,"""서울 영등포구 의사당대로 8 (여의도동",37.5004641,127.0467225
이마트,마트,노브랜드 영주가흥점,054-638-5859,총 -대,경북 영주시 대학로 248,37.5004641,127.0467225
이마트,마트,노브랜드 예천호명점,054-655-9954,총 -대,"""경북 예천군 호명면 양지로 14 (산합리",37.5004641,127.0467225
이마트,마트,노브랜드 오산갈곶점,031-678-6275,총 대,경기 오산시 오산로 51 (갈곶동),37.5004641,127.0467225
이마트,마트,노브랜드 오산금암점,031-378-2436,총 32대,경기 오산시 문헌공로 9,37.5004641,127.0467225
이마트,마트,노브랜드 오산수청점,031-378-7520,총 40대,경기 오산시 오산대역로 214 G플레이스 1층,37.5004641,127.0467225
이마트,마트,노브랜드 용인구갈점,031-693-6860,총 2대,경기 용인시 기흥구 구갈로60번길 17,37.5004641,127.0467225
이마트,마트,노브랜드 용인동천점,031-896-9241,총 6대,경기 용인시 수지구 동천로113번길 5 (동천동) 1층,37.5004641,127.0467225
이마트,마트,노브랜드 용인보라점,031-693-9951,총 50대,경기 용인시 기흥구 사은로 130 (보라동),37.5004641,127.0467225
이마트,마트,노브랜드 용인삼가점,031-323-6816,총 10대,경기 용인시 처인구 중부대로 1162 (삼가동),37.5004641,127.0467225
이마트,마트,노브랜드 용인상현점,031-216-9962,총 8대,경기 용인시 수지구 법조로 242 (상현동),37.5004641,127.0467225
이마트,마트,노브랜드 용인성복점,031-896-8950,총 72대,경기 용인시 수지구 수지로 124,37.5004641,127.0467225
이마트,마트,노브랜드 용인신봉점,031-896-7813,총 6대,경기도 용인시 수지구  신봉3로7번길 3 3,37.5004641,127.0467225
이마트,마트,노브랜드 용인죽전점,031-889-3977,총 6대,경기 용인시 수지구 현암로 92,37.5004641,127.0467225
이마트,마트,노브랜드 용인청덕점,031-693-5850,총 843대,"""경기 용인시 기흥구 구성로 357 (청덕동",37.5004641,127.0467225
이마트,마트,노브랜드 울산달동점,052-267-4768,총 29대,울산 남구 왕생로 58 (달동),37.5004641,127.0467225
이마트,마트,노브랜드 울산무거점,052-277-9968,총 -대,울산 남구 대학로 137,37.5004641,127.0467225
이마트,마트,노브랜드 울산방어점,052-209-2425,총 -대,울산 동구 문현로 1 (방어동),37.5004641,127.0467225
이마트,마트,노브랜드 울산범서점,052-243-8766,총 -대,울산 울주군 범서읍 구영로 126 (구영리) 1층,37.5004641,127.0467225
이마트,마트,노브랜드 울산삼산점,052-276-9641,총 -대,울산 남구 화합로 152 (삼산동),37.5004641,127.0467225
이마트,마트,노브랜드 울산성남점,053-243-8987,총 253대,울산 중구 젊음의2거리 33 (성남동) 2층 (리버플레이스 빌딩),37.5004641,127.0467225
이마트,마트,노브랜드 울산신천점,052-294-7781,총 50대,울산 북구 호계로 337-10 (신천동) 1층,37.5004641,127.0467225
이마트,마트,노브랜드 울산유곡점,052-245-5403,총 -대,울산 중구 종가3길 18 (유곡동),37.5004641,127.0467225
이마트,마트,노브랜드 원주단계점,033-748-7358,총 -대,강원 원주시 백간길 37-6,37.5004641,127.0467225
이마트,마트,노브랜드 원주단구점,033-764-3275,총 13대,강원 원주시 단구로 355 (단구동),37.5004641,127.0467225
이마트,마트,노브랜드 원주무실점,033-747-5827,총 57대,강원 원주시 능라동길 34 (무실동) 1층,37.5004641,127.0467225
이마트,마트,노브랜드 원주반곡점,033-737-0580,총 155대,강원 원주시 황금로 8 (반곡동) 1층,37.5004641,127.0467225
이마트,마트,노브랜드 원주지정점,033-737-0512,총 대,강원 원주시 지정면 신지정로 192 (가곡리) 1층 101호 ~ 110호,37.5004641,127.0467225
이마트,마트,노브랜드 위례STF점,031-8097-1348,총 대,"""경기 하남시 위례대로 200 (학암동",37.5004641,127.0467225
이마트,마트,노브랜드 위례창곡점,031-759-9296,총 50대,"""경기 성남시 수정구 위례광장로 322 (창곡동",37.5004641,127.0467225
이마트,마트,노브랜드 은평진관점,02-389-6011,총 96대,"""서울 은평구 진관2로 19 (진관동",37.5004641,127.0467225
이마트,마트,노브랜드 의왕포일점,070-7811-7771,총 357대,"""경기 의왕시 성고개로 53 (포일동",37.5004641,127.0467225
이마트,마트,노브랜드 의정부 호원점,031-876-6086,총 12대,경기 의정부시 평화로 325,37.5004641,127.0467225
이마트,마트,노브랜드 의정부녹양점,031-879-8441,총 15대,경기 의정부시 체육로 250-34 (녹양동),37.5004641,127.0467225
이마트,마트,노브랜드 의정부민락2점,031-853-7817,총 125대,경기 의정부시 용민로 493 (민락동) 1층,37.5004641,127.0467225
이마트,마트,노브랜드 의정부민락점,031-853-9683,총 12대,경기 의정부시 용민로 124 (민락동),37.5004641,127.0467225
이마트,마트,노브랜드 의정부신곡점,031-853-7508,총 25대,경기 의정부시 추동로 236 (신곡동),37.5004641,127.0467225
이마트,마트,노브랜드 이천안흥점,031-638-8312,총 3대,경기 이천시 영창로 290 (안흥동),37.5004641,127.0467225
이마트,마트,노브랜드 익산부송점,063-838-8225,총 10대,전북 익산시 무왕로 1242 (부송동),37.5004641,127.0467225
이마트,마트,노브랜드 인천 마전2점,032-569-6034,총 대,인천 서구 검단로 492,37.5004641,127.0467225
이마트,마트,노브랜드 인천 불로동점,032-569-6038,총 15대,인천 서구 검단로 747,37.5004641,127.0467225
이마트,마트,노브랜드 인천가정점,032-569-6570,총 4대,인천 서구 청중로478번안길 4 (가정동) 1층,37.5004641,127.0467225
이마트,마트,노브랜드 인천논현역점,032-422-8086,총 131대,"""인천 남동구 앵고개로847번길 80-9 (논현동",37.5004641,127.0467225
이마트,마트,노브랜드 인천논현점,032-422-8086,총 131대,"""인천 남동구 앵고개로847번길 80-9 (논현동",37.5004641,127.0467225
이마트,마트,노브랜드 인천당하점,032-566-5550,총 대,"""인천 서구 서곶로 788 (당하동",37.5004641,127.0467225
이마트,마트,노브랜드 인천마전점,032-569-6263,총 7대,"""인천 서구 완정로64번길 4 (마전동",37.5004641,127.0467225
이마트,마트,노브랜드 인천서창점,032-472-4950,총 41대,인천 남동구 서창남순환로10번길 50 (서창동) 1층,37.5004641,127.0467225
이마트,마트,노브랜드 인천송도센트럴점,032-858-8120,총 30대,"""인천 연수구 센트럴로 232 (송도동",37.5004641,127.0467225
이마트,마트,노브랜드 인천송도점,032-858-7820,총 4대,"""인천 연수구 신송로 165-14 (송도동",37.5004641,127.0467225
이마트,마트,노브랜드 인천심곡점,032-569-6689,총 23대,인천 서구 서곶로 300,37.5004641,127.0467225
이마트,마트,노브랜드 인천원당점,032-569-5380,총 대,"""인천 서구 원당대로 865 (원당동",37.5004641,127.0467225
이마트,마트,노브랜드 인천원창점,032-571-1041,총 337대,인천 서구 중봉대로393번길 26 (원창동) 홈씨씨 인천점 1층,37.5004641,127.0467225
이마트,마트,노브랜드 인천장승백이시장점,032-473-8052,총 -대,"""인천 남동구 인주대로888번길 27 (만수동",37.5004641,127.0467225
이마트,마트,노브랜드 인천청라스퀘어점,032-710-0920,총 572대,"""인천 서구 청라루비로 76 (청라동",37.5004641,127.0467225
이마트,마트,노브랜드 인천청라점,032-567-2107,총 330대,"""인천 서구 청라커낼로288번길 16 (경서동",37.5004641,127.0467225
이마트,마트,노브랜드 인천청학점,032-822-6035,총 -대,"""인천 연수구 청능대로23번길 11 (청학동",37.5004641,127.0467225
이마트,마트,노브랜드 일산주엽점,031-919-4095,총 -대,"""경기 고양시 일산서구 대산로 140 (주엽동",37.5004641,127.0467225
이마트,마트,노브랜드 전주삼천점,063-225-5610,총 -대,전북 전주시 완산구 용리로 20 (삼천동1가) 105호,37.5004641,127.0467225
이마트,마트,노브랜드 전주송천점,063-253-8884,총 -대,전북 전주시 덕진구 사근1길 20 (송천동2가) 101-102호,37.5004641,127.0467225
이마트,마트,노브랜드 제주아라점,064-702-2586,총 -대,제주특별자치도 제주시 구산로 27,37.5004641,127.0467225
이마트,마트,노브랜드 제천중앙시장점,043-653-9566,총 -대,"""충북 제천시 풍양로 108 (중앙로1가",37.5004641,127.0467225
이마트,마트,노브랜드 주문진시장점,033-662-9971,총 -대,"""강원 강릉시 주문진읍 시장길 38 (주문리",37.5004641,127.0467225
이마트,마트,노브랜드 진주MBC점,055-762-7974,총 -대,"""경남 진주시 가호로 13 (가좌동",37.5004641,127.0467225
이마트,마트,노브랜드 진주초전점,055-795-5022,총 15대,경남 진주시 초북로20번길 5-8,37.5004641,127.0467225
이마트,마트,노브랜드 진주충무공점,055-763-4365,총 170대,경남 진주시 범골로60번길 10 (충무공동),37.5004641,127.0467225
이마트,마트,노브랜드 진천덕산점,043-532-1002,총 -대,충북 진천군 덕산읍 대하로 138 (두촌리) C동 111호(우미린스테이상가),37.5004641,127.0467225
이마트,마트,노브랜드 진해용원점,055-552-9972,총 -대,경남 창원시 진해구 용원로 21,37.5004641,127.0467225
이마트,마트,노브랜드 진해자은점,-,총 -대,경남 창원시 진해구 장복대로 171,37.5004641,127.0467225
이마트,마트,노브랜드 진해풍호점,055-551-7670,총 -대,경남 창원시 진해구 천자로 379,37.5004641,127.0467225
이마트,마트,노브랜드 창원대동점,055-212-8795,총 280대,"""경남 창원시 성산구 원이대로 730 (상남동",37.5004641,127.0467225
이마트,마트,노브랜드 천안백석점,041-622-7650,총 17대,충남 천안시 서북구 한들3로 78-3,37.5004641,127.0467225
이마트,마트,노브랜드 천안불당점,041-622-8803,총 100대,"""충남 천안시 서북구 불당19로 95 (불당동",37.5004641,127.0467225
이마트,마트,노브랜드 천안성성점,-,총 대,충남 천안시 서북구 성성8로 2-11,37.5004641,127.0467225
이마트,마트,노브랜드 천안신방2점,041-592-7156,총 10대,충남 천안시 동남구 신촌로 8,37.5004641,127.0467225
이마트,마트,노브랜드 천안신방점,041-592-7553,총 7대,충남 천안시 동남구 통정10로 43-31 (신방동),37.5004641,127.0467225
이마트,마트,노브랜드 천안용곡점,041-592-9840,총 6대,충남 천안시 동남구 새말1길 57-3,37.5004641,127.0467225
이마트,마트,노브랜드 천안청당점,041-622-8712,총 152대,충남 천안시 동남구 청수14로 102 (청당동) 에이스법조타워 116~122호,37.5004641,127.0467225
이마트,마트,노브랜드 청주복대점,043-239-9413,총 47대,충북 청주시 흥덕구 대농로 49 (복대동) 비동 1층,37.5004641,127.0467225
이마트,마트,노브랜드 청주사천점,043-218-9641,총 12대,충북 청주시 청원구 새터로 182 (사천동),37.5004641,127.0467225
이마트,마트,노브랜드 춘천점,033-263-7417,총 -대,강원 춘천시 후석로 11,37.5004641,127.0467225
이마트,마트,노브랜드 충주중앙탑점,043-857-9227,총 62대,충북 충주시 중앙탑면 기업도시로 222,37.5004641,127.0467225
이마트,마트,노브랜드 충주호암점,043-848-1188,총 -대,충북 충주시 호암토성4길 3,37.5004641,127.0467225
이마트,마트,노브랜드 칠곡석적점,054-977-8448,총 -대,경북 칠곡군 석적읍 석적로 1003,37.5004641,127.0467225
이마트,마트,노브랜드 칠곡왜관점,054-972-3722,총 -대,경북 칠곡군 왜관읍 중앙로 58 (왜관리),37.5004641,127.0467225
이마트,마트,노브랜드 통영광도점,-,총 null대,경남 통영시 광도면 죽림2로 49-27,37.5004641,127.0467225
이마트,마트,노브랜드 파주다율점,031-949-8460,총 대,경기 파주시 청석로 307,37.5004641,127.0467225
이마트,마트,노브랜드 파주동패점,031-949-9885,총 25대,경기 파주시 한울로 63 (동패동) 1층,37.5004641,127.0467225
이마트,마트,노브랜드 파주목동동점,031-949-9885,총 4대,경기 파주시 심학산로423번길 7-25 (목동동) 1층 (일영프라자),37.5004641,127.0467225
이마트,마트,노브랜드 파주아울렛점,031-8071-7466,총 -대,"""경기 파주시 탄현면 필승로 200 (법흥리",37.5004641,127.0467225
이마트,마트,노브랜드 파주야당점,031-949-8716,총 200대,경기 파주시 경의로 1056,37.5004641,127.0467225
이마트,마트,노브랜드 파주와동점,031-949-8716,총 200대,경기 파주시 경의로 1056,37.5004641,127.0467225
이마트,마트,노브랜드 판교운중점,031-8017-9652,총 6대,경기 성남시 분당구 운중로166번길 1 (운중동),37.5004641,127.0467225
이마트,마트,노브랜드 평택 용이점,031-692-2097,총 3대,경기 평택시 현신3길 32,37.5004641,127.0467225
이마트,마트,노브랜드 평택동삭점,031-692-3886,총 7대,경기 평택시 동삭로 374 (동삭동),37.5004641,127.0467225
이마트,마트,노브랜드 평택비전2점,031-691-9072,총 25대,경기 평택시 평택5로 94 (비전동) 1층,37.5004641,127.0467225
이마트,마트,노브랜드 평택비전점,031-692-1487,총 16대,경기 평택시 만세로 1866 (비전동) 1층,37.5004641,127.0467225
이마트,마트,노브랜드 평택서정점,031-668-5902,총 -대,경기 평택시 경기대로 1393 (서정동),37.5004641,127.0467225
이마트,마트,노브랜드 평택송담점,031-686-9557,총 6대,경기 평택시 안중읍 송담5길 28-14 (송담리),37.5004641,127.0467225
이마트,마트,노브랜드 평택중앙로점,031-692-1961,총 252대,"""경기 평택시 중앙로 46 (평택동",37.5004641,127.0467225
이마트,마트,노브랜드 평택청북점,031-646-9492,총 20대,경기 평택시 청북읍 안청로2길 33-1 (옥길리) 1층,37.5004641,127.0467225
이마트,마트,노브랜드 포천소흘점,031-544-9602,총 22대,경기 포천시 소흘읍 송우로 101-11 (송우리) 1층 일부,37.5004641,127.0467225
이마트,마트,노브랜드 포항상도점,054-285-3777,총 -대,경북 포항시 남구 중흥로 9,37.5004641,127.0467225
이마트,마트,노브랜드 포항양덕점,054-251-5400,총 -대,경북 포항시 북구 신덕로 183 (양덕동),37.5004641,127.0467225
이마트,마트,노브랜드 포항초곡점,054-261-6543,총 -대,경북 포항시 북구 흥해읍 초곡지구로58번길 26,37.5004641,127.0467225
이마트,마트,노브랜드 하남 천현점,031-796-6592,총 대,경기 하남시 천현로 138,37.5004641,127.0467225
이마트,마트,노브랜드 하남미사1점,031-796-4097,총 62대,"""경기 하남시 미사강변대로 76 (풍산동",37.5004641,127.0467225
이마트,마트,노브랜드 하남미사2점,031-796-1301,총 56대,"""경기 하남시 미사강변한강로 230 (망월동",37.5004641,127.0467225
이마트,마트,노브랜드 홍성남장점,041-635-0412,총 -대,충남 홍성군 홍성읍 남장중로 51 (남장리),37.5004641,127.0467225
이마트,마트,노브랜드 홍성홍북점,041-635-0441,총 110대,"""충남 홍성군 홍북읍 청사로 146 (신경리",37.5004641,127.0467225
이마트,마트,노브랜드 화성 반송2점,031-8015-3512,총 7대,경기 화성시 동탄공원로 28,37.5004641,127.0467225
이마트,마트,노브랜드 화성남양점,031-357-6270,총 42대,경기 화성시 남양읍 시청로160번길 46 (남양리) 1층 104~106호,37.5004641,127.0467225
이마트,마트,노브랜드 화성능동점,031-8015-4145,총 60대,경기 화성시 여울로 178-5 (능동) 1층,37.5004641,127.0467225
이마트,마트,노브랜드 화성동탄더블루점,031-8015-1780,총 10대,"""경기 화성시 노작로 203 (반송동",37.5004641,127.0467225
이마트,마트,노브랜드 화성동탄리치안점,031-378-6879,총 123대,경기 화성시 동탄순환대로 263 (산척동) B1층,37.5004641,127.0467225
이마트,마트,노브랜드 화성동탄자이점,031-378-5986,총 20대,"""경기 화성시 동탄대로24길 117 (영천동",37.5004641,127.0467225
이마트,마트,노브랜드 화성동탄장지점,031-378-8793,총 대,경기 화성시 경기동로317번가길 30-7 (장지동),37.5004641,127.0467225
이마트,마트,노브랜드 화성반송점,031-8015-5831,총 80대,경기 화성시 새강3길 27 (반송동) 1층,37.5004641,127.0467225
이마트,마트,노브랜드 화성반월점,031-273-7801,총 30대,경기 화성시 영통로26번길 20 (반월동),37.5004641,127.0467225
이마트,마트,노브랜드 화성봉담점,031-278-5915,총 50대,경기 화성시 봉담읍 동화새터길 62 (동화리) 1층,37.5004641,127.0467225
이마트,마트,노브랜드 화성수원대점,031-226-9654,총 null대,"""경기 화성시 봉담읍 와우안길 17 (와우리",37.5004641,127.0467225
이마트,마트,노브랜드 화성진안점,031-898-8552,총 15대,경기 화성시 효행로 995 (진안동),37.5004641,127.0467225
이마트,마트,노브랜드 화성향남점,031-354-9002,총 200대,경기 화성시 향남읍 상신하길로328번길 8-13 (하길리) 1동,37.5004641,127.0467225
이마트,마트,노브랜드 화성향남행정점,031-8059-2550,총 12대,경기 화성시 향남읍 행정동로 17 (행정리),37.5004641,127.0467225
이마트,마트,논현점,02-3448-9300,총 45대,서울 강남구 강남대로 512,37.5004641,127.0467225
이마트,마트,다산점,031-579-1234,총 650대,경기도 남양주시 도농로 24,37.5004641,127.0467225
이마트,마트,대전터미널점,042-615-1234,"""총 1327대""",대전광역시 동구 동서대로 1689,37.5004641,127.0467225
이마트,마트,동광주점,062-519-1234,총 253대,광주 동구 중앙로 358,37.5004641,127.0467225
이마트,마트,동구미점,054-480-1234,총 705대,경상북도 구미시 이계북로 23,37.5004641,127.0467225
이마트,마트,동백점,031-546-1234,"""총 1512대""",경기도 용인시 기흥구 동백죽전대로 444,37.5004641,127.0467225
이마트,마트,동인천점,032-451-1234,총 800대,인천 중구 인중로 134,37.5004641,127.0467225
이마트,마트,동탄점,031-647-1234,총 828대,경기도 화성시 동탄중앙로 376,37.5004641,127.0467225
이마트,마트,동해점,033-539-7123,총 381대,강원도 동해시 천곡로 100,37.5004641,127.0467225
이마트,마트,둔산점,042-479-1234,총 850대,대전 서구 둔산북로 41,37.5004641,127.0467225
이마트,마트,마산점,055-711-1234,총 736대,경상남도 창원시 마산합포구 서성로 3,37.5004641,127.0467225
이마트,마트,마포점,02-2197-1234,총 364대,서울특별시 마포구 백범로 212,37.5004641,127.0467225
이마트,마트,만촌점,053-602-1234,총 835대,대구광역시 수성구  동원로 136 이마트 만촌점,37.5004641,127.0467225
이마트,마트,명일점,02-2145-1234,총 433대,서울 강동구 고덕로 276,37.5004641,127.0467225
이마트,마트,목동점,02-6923-1234,총 717대,서울특별시 양천구 오목로 299,37.5004641,127.0467225
이마트,마트,목포점,061-260-1234,총 624대,전남 목포시 옥암로 138,37.5004641,127.0467225
이마트,마트,묵동점,02-2083-1234,총 217대,서울특별시 중랑구 동일로 932,37.5004641,127.0467225
이마트,마트,문현점,051-609-1234,총 838대,부산광역시 남구 전포대로91번길 47,37.5004641,127.0467225
이마트,마트,미아점,02-944-1234,총 192대,서울특별시 성북구 도봉로 17 (길음동),37.5004641,127.0467225
이마트,마트,반야월점,053-665-1234,총 718대,대구광역시 동구 안심로 389-2,37.5004641,127.0467225
이마트,마트,베이비서클 고양점,-,총 4500대,경기도 고양시 덕양구 고양대로 1955(동산동),37.5004641,127.0467225
이마트,마트,별내점,031-550-1234,총 581대,경기도 남양주시 순화궁로 167 (별내동),37.5004641,127.0467225
이마트,마트,보라점,031-8009-1234,총 387대,경기도 용인시 기흥구 한보라1로 92,37.5004641,127.0467225
이마트,마트,보령점,041-640-1234,총 300대,충청남도 보령시 해안로 25,37.5004641,127.0467225
이마트,마트,봉선점,062-611-1234,총 580대,광주광역시 남구 봉선로 198,37.5004641,127.0467225
이마트,마트,부천점,032-610-5123,총 737대,"""경기 부천시 부천로 1 (심곡본동",37.5004641,127.0467225
이마트,마트,분당점,031-710-1234,총 779대,경기도 성남시 분당구 불정로 134,37.5004641,127.0467225
이마트,마트,사상점,051-329-1234,총 577대,부산광역시 사상구 광장로 17,37.5004641,127.0467225
이마트,마트,사천점,055-850-1234,총 408대,경상남도 사천시 삼천포대교로 591,37.5004641,127.0467225
이마트,마트,산본점,031-450-1234,총 625대,경기 군포시 산본로 347,37.5004641,127.0467225
이마트,마트,상봉점,02-490-1234,총 579대,서울 중랑구 상봉로 118,37.5004641,127.0467225
이마트,마트,상주점,054-537-1234,총 454대,경상북도 상주시 경상대로 3141,37.5004641,127.0467225
이마트,마트,서귀포점,064-797-1234,총 480대,제주특별자치도 서귀포시 일주동로 9209,37.5004641,127.0467225
이마트,마트,서산점,041-670-1234,총 446대,충청남도 서산시 서해로 3685,37.5004641,127.0467225
이마트,마트,서수원점,031-895-1234,총 916대,경기도 수원시 권선구 수인로 291,37.5004641,127.0467225
이마트,마트,성남점,031-8023-1234,총 805대,경기도 성남시 수정구 수정로 201,37.5004641,127.0467225
이마트,마트,성서점,053-605-1234,총 970대,대구 달서구 이곡동로 24,37.5004641,127.0467225
이마트,마트,성수점,02-3408-1234,"""총 1100대""",서울 성동구 뚝섬로 379,37.5004641,127.0467225
이마트,마트,세종점,044-902-1234,총 615대,세종특별자치시 금송로 687,37.5004641,127.0467225
이마트,마트,센텀점,051-745-2383,"""총 1130대""",부산광역시 해운대구 센텀4로 15 신세계 센텀시티몰,37.5004641,127.0467225
이마트,마트,속초점,033-630-1234,총 422대,강원도 속초시 설악금강대교로 12,37.5004641,127.0467225
이마트,마트,수색점,02-6943-1234,총 228대,"""서울 은평구 수색로 217 (수색동",37.5004641,127.0467225
이마트,마트,수서점,02-451-6123,"""총 1000대""",서울특별시 강남구 광평로 280,37.5004641,127.0467225
이마트,마트,수원점,031-207-1234,총 822대,"""경기 수원시 권선구 경수대로 270 (권선동",37.5004641,127.0467225
이마트,마트,수지점,031-270-1234,총 714대,경기도 용인시 수지구 수지로 203 (신봉동),37.5004641,127.0467225
이마트,마트,순천점,061-749-1234,총 676대,전라남도 순천시 팔마로 191,37.5004641,127.0467225
이마트,마트,스타필드 고양점,031-5174-1015,총 4500대,"""경기 고양시 덕양구 고양대로 1955 (동산동",37.5004641,127.0467225
이마트,마트,스타필드 하남점,031-8069-4030,"""총 6200대""",경기도 하남시 미사대로 750 하남 스타필드 1층,37.5004641,127.0467225
이마트,마트,시화점,031-496-4123,총 576대,경기도 시흥시 정왕대로 210,37.5004641,127.0467225
이마트,마트,신도림점,02-6715-1234,"""총 2200대""",서울특별시 구로구 새말로 97 테크노마트 지하2층,37.5004641,127.0467225
이마트,마트,신월점,02-6716-1234,총 65대,서울특별시 양천구 화곡로 59,37.5004641,127.0467225
이마트,마트,신제주점,064-798-1234,총 297대,제주특별자치도 제주시 1100로 3348,37.5004641,127.0467225
이마트,마트,신촌점,064-798-1234,총 297대,제주특별자치도 제주시 1100로 3348,37.5004641,127.0467225
이마트,마트,아산점,041-422-1234,총 435대,충청남도 아산시 온천대로 1678,37.5004641,127.0467225
이마트,마트,안동점,054-850-1234,총 438대,경북 안동시 옥동 1길2,37.5004641,127.0467225
이마트,마트,안성점,031-686-1234,총 513대,경기도 안성시 중앙로 246,37.5004641,127.0467225
이마트,마트,안양점,031-380-3300,총 580대,경기도 안양시 동안구 관악대로 104,37.5004641,127.0467225
이마트,마트,양산점,055-371-8123,총 778대,경상남도 양산시 양산역6길 12,37.5004641,127.0467225
이마트,마트,양재점,02-2155-1234,총 649대,서울특별시 서초구 매헌로 16,37.5004641,127.0467225
이마트,마트,양주점,031-860-0123,총 593대,경기도 양주시 평화로 1713,37.5004641,127.0467225
이마트,마트,여수점,061-650-1234,총 510대,전남 여수시 좌수영로 277,37.5004641,127.0467225
이마트,마트,여의도점,02-2280-1234,총 280대,서울특별시 영등포구 여의동로3길 10,37.5004641,127.0467225
이마트,마트,여주점,031-887-6123,총 433대,경기도 여주시 세종로 151,37.5004641,127.0467225
이마트,마트,역삼점,02-6908-1234,총 369대,서울특별시 강남구 역삼로 310,37.5004641,127.0467225
이마트,마트,연수점,032-820-1234,총 849대,인천광역시 연수구 경원대로 184,37.5004641,127.0467225
이마트,마트,연제점,051-860-1234,총 919대,부산 연제구 연수로 89 이마트 연제점,37.5004641,127.0467225
이마트,마트,영등포점,02-3468-1234,"""총 1790대""",서울특별시 영등포구 영중로 15,37.5004641,127.0467225
이마트,마트,영천점,054-330-1234,총 594대,경상북도 영천시 최무선로 83,37.5004641,127.0467225
이마트,마트,오산점,031-369-7123,총 770대,경기도 오산시 경기대로 181,37.5004641,127.0467225
이마트,마트,왕십리점,02-2200-1234,"""총 1086대""",서울특별시 성동구 왕십리광장로 17 이마트 왕십리점,37.5004641,127.0467225
이마트,마트,용산점,02-2012-1234,"""총 2100대""",서울특별시 용산구  한강대로23길 55,37.5004641,127.0467225
이마트,마트,용인점,031-326-1234,총 435대,경기도 용인시 처인구 명지로 53,37.5004641,127.0467225
이마트,마트,울산점,052-220-1234,총 959대,울산광역시 남구 남중로 48,37.5004641,127.0467225
이마트,마트,원주점,033-749-1234,총 559대,강원 원주시 북원로 1928,37.5004641,127.0467225
이마트,마트,월계점,02-2092-1234,총 849대,서울특별시 노원구 마들로3길 15,37.5004641,127.0467225
이마트,마트,월배점,053-607-1234,"""총 1124대""",대구 달서구 진천로 92 (대천동),37.5004641,127.0467225
이마트,마트,위례점,031-8097-1340,총 -대,"""경기 하남시 위례대로 200 (학암동",37.5004641,127.0467225
이마트,마트,은평점,02-380-1234,총 604대,서울 은평구 은평로 111 이마트 은평점,37.5004641,127.0467225
이마트,마트,의왕점,031-8063-1234,총 651대,"""경기 의왕시 경수대로 262 (오전동",37.5004641,127.0467225
이마트,마트,의정부점,031-850-1234,총 688대,경기 의정부시 민락로 210,37.5004641,127.0467225
이마트,마트,이문점,02-959-1234,총 82대,서울특별시 동대문구 이문로 136,37.5004641,127.0467225
이마트,마트,이수점,02-595-1234,총 95 (집趨)대,서울특별시 동작구 사당로 300 이수자이 B1,37.5004641,127.0467225
이마트,마트,이천점,031-644-8123,총 440대,경기 이천시 이섭대천로 1440-50,37.5004641,127.0467225
이마트,마트,익산점,063-860-1234,총 688대,전라북도 익산시 평동로 705,37.5004641,127.0467225
이마트,마트,인천공항점,032-744-1234,총 78대,인천광역시 중구 공항로424번길 36 에어조이 B1층,37.5004641,127.0467225
이마트,마트,일렉트로마트 SF 부천점,02-6386-1316,총 -대,경기 부천시 옥길로 1 3층,37.5004641,127.0467225
이마트,마트,일렉트로마트 명지점,051-990-0273,총 1273대,"""부산 강서구 명지국제6로 168 (명지동",37.5004641,127.0467225
이마트,마트,일산점,031-900-1234,총 342대,경기 고양 일산동구 중앙로 1124,37.5004641,127.0467225
이마트,마트,자양점,02-2024-1234,총 1058대,서울특별시 광진구 아차산로 272,37.5004641,127.0467225
이마트,마트,전주점,063-259-1234,총 867대,전북 전주시 완산구 당산로 111,37.5004641,127.0467225
이마트,마트,제주점,064-729-1234,총 540대,제주특별자치도 제주시 탑동로 38,37.5004641,127.0467225
이마트,마트,제천점,043-641-1234,총 529대,충청북도 제천시 장평천로 11,37.5004641,127.0467225
이마트,마트,죽전점,031-888-1234,총 1283대,경기도 용인시 수지구 포은대로 552,37.5004641,127.0467225
이마트,마트,중동점,032-718-1234,총 707대,"""경기 부천시 석천로 188 (중동",37.5004641,127.0467225
이마트,마트,진접점,031-522-1234,총 531대,경기도 남양주시 진접읍 금강로유연들1길 154,37.5004641,127.0467225
이마트,마트,진주점,055-749-1234,총 473대,경남 진주시 진양호로 477,37.5004641,127.0467225
이마트,마트,창동점,02-901-1234,총 159대,서울 도봉구 노해로 65길 4,37.5004641,127.0467225
이마트,마트,창원점,055-211-1234,총 815대,경상남도 창원시 성산구 원이대로 608,37.5004641,127.0467225
이마트,마트,천안서북점,041-580-9123,총 708대,충남 천안시 서북구 삼성대로 20,37.5004641,127.0467225
이마트,마트,천안점,041-620-1234,총 680대,충남 천안시 서북구 충무로 187,37.5004641,127.0467225
이마트,마트,천안터미널점,041-411-1234,"""총 1636대""",충청남도 천안시 동남구 만남로 43,37.5004641,127.0467225
이마트,마트,천호점,02-2224-1234,총 114대,서울 강동구 천호대로 1017,37.5004641,127.0467225
이마트,마트,청계천점,02-2290-1234,"""총 1000대""",서울특별시 중구 청계천로 400,37.5004641,127.0467225
이마트,마트,청주점,043-210-1234,총 510대,충북 청주시 서원구 청남로 1853,37.5004641,127.0467225
이마트,마트,춘천점,033-240-1234,총 687대,강원도 춘천시 경춘로 2353,37.5004641,127.0467225
이마트,마트,충주점,043-841-1234,총 619대,충북 충주시 중원대로 3420,37.5004641,127.0467225
이마트,마트,칠성점,053-609-1234,"""총 1200대""",대구 북구 침산로 93,37.5004641,127.0467225
이마트,마트,킨텍스점,031-936-1123,"""총 1374대""",경기도 고양시 일산서구 킨텍스로 171(대화동),37.5004641,127.0467225
이마트,마트,태백점,033-580-1234,총 310대,강원도 태백시 굴거랑길 4,37.5004641,127.0467225
이마트,마트,통영점,055-650-1234,총 770대,경상남도 통영시 광도면 죽림4로 9,37.5004641,127.0467225
이마트,마트,트레이더스 고양점,031-5174-1234,총 4500대,경기도 고양시 덕양구 고양대로 1955(동산동) 스타필드 고양 지하 2층,37.5004641,127.0467225
이마트,마트,트레이더스 구성점,031-327-1234,총 851대,경기도 용인시 기흥구 용구대로 2457,37.5004641,127.0467225
이마트,마트,트레이더스 군포점,031-361-3456,총 714대,경기 군포시 삼성로 74 (부곡동),37.5004641,127.0467225
이마트,마트,트레이더스 김포점,031-8048-5678,총 688대,"""경기 김포시 김포대로 715 (풍무동",37.5004641,127.0467225
이마트,마트,트레이더스 명지점,051-922-4100,총 1273대,"""부산 강서구 명지국제6로 168 (명지동",37.5004641,127.0467225
이마트,마트,트레이더스 부천점,02-6256-1234,"""총 1866대""",경기 부천시 옥길로 1 지하2층,37.5004641,127.0467225
이마트,마트,트레이더스 비산점,053-714-1234,총 607대,대구광역시 서구 팔달로 54,37.5004641,127.0467225
이마트,마트,트레이더스 서면점,051-718-1234,총 840대,부산광역시 부산진구 시민공원로 31,37.5004641,127.0467225
이마트,마트,트레이더스 송림점,032-722-1234,총 934대,인천광역시 동구 봉수대로 82,37.5004641,127.0467225
이마트,마트,트레이더스 수원점,031-8005-1234,총 705대,경기 수원시 영통구 삼성로 2 (신동),37.5004641,127.0467225
이마트,마트,트레이더스 스타필드 하남점,031-8069-1234,"""총 6200대""",경기 하남시 신장동 미사대로 750 하남 스타필드 지하 2층,37.5004641,127.0467225
이마트,마트,트레이더스 안산점,031-363-1234,총 522대,경기도 안산시 단원구 중앙대로 397,37.5004641,127.0467225
이마트,마트,트레이더스 양산점,055-380-6123,총 547대,경상남도 양산시 평산로 16,37.5004641,127.0467225
이마트,마트,트레이더스 월계점,02-6320-1234,총 1274대,"""서울 노원구 마들로3길 17 (월계동",37.5004641,127.0467225
이마트,마트,트레이더스 월평점,042-718-1234,총 953대,대전광역시 서구 한밭대로 580,37.5004641,127.0467225
이마트,마트,트레이더스 위례점,031-8097-1234,총 1843대,경기 하남시 위례대로 200 B3층,37.5004641,127.0467225
이마트,마트,트레이더스 천안아산점,041-423-0123,총 785대,충청남도 아산시 배방읍 고속철대로 133,37.5004641,127.0467225
이마트,마트,트레이더스 킨텍스점,031-810-1013,"""총 1374대""",경기도 고양시 일산서구 킨텍스로 171(대화동),37.5004641,127.0467225
이마트,마트,파주운정점,031-931-2123,총 599대,경기도 파주시 한울로 123,37.5004641,127.0467225
이마트,마트,파주점,031-950-1234,총 600대,경기도 파주시 당하길 10,37.5004641,127.0467225
이마트,마트,펜타포트점,041-537-9123,"""총 1524 (집秒)대""",충청남도 천안시 서북구 공원로 196,37.5004641,127.0467225
이마트,마트,평촌점,031-687-1234,총 640대,경기도 안양시 동안구 시민대로 300,37.5004641,127.0467225
이마트,마트,평택점,031-371-1234,총 620대,경기 평택시 영신로 29,37.5004641,127.0467225
이마트,마트,포천점,031-540-1234,총 440대,경기도 포천시 호국로 915,37.5004641,127.0467225
이마트,마트,포항이동점,054-721-1234,총 767대,경북 포항시 북구 대이로 188,37.5004641,127.0467225
이마트,마트,포항점,054-223-1234,총 891대,경북 포항시 남구 냉천로 10,37.5004641,127.0467225
이마트,마트,풍산점,031-910-1234,총 595대,경기 고양시 일산동구 무궁화로 237,37.5004641,127.0467225
이마트,마트,하남점,031-524-1234,총 620대,경기도 하남시 덕풍서로 70,37.5004641,127.0467225
이마트,마트,하월곡점,02-6936-1234,총 760대,"""서울특별시 성북구 종암로 167 (하월곡동",37.5004641,127.0467225
이마트,마트,해운대점,051-608-1234,총 694대,부산 해운대구 좌동순환로 511,37.5004641,127.0467225
이마트,마트,화성봉담점,031-228-1234,총 589대,경기도 화성시 봉담읍 효행로 278,37.5004641,127.0467225
이마트,마트,화정점,031-995-1234,총 713대,경기도 고양시 덕양구 백양로 79,37.5004641,127.0467225
이마트,마트,흥덕점,031-8021-1234,총 506대,경기도 용인시 기흥구 흥덕중앙로 60,37.5004641,127.0467225