브랜드명,지점명,업체유형,도로명주소,위도,경도,ID,연락처,주차시설,평점,판매자ID,판매상품목록
GS25,포항대흥점,편의점,"경상북도 포항시 북구 용당로 108, (대흥동)",36.0367825635941,129.362362614712,,,,,,
GS25,진평중앙점,편의점,"경상북도 구미시 인동32길 22-3, (진평동)",36.0929710819906,128.430059940083,,,,,,
GS25,상주무양점,편의점,"경상북도 상주시 경상대로 3038, (무양동)",36.4181071475597,128.151406990845,,,,,,
GS25,상주서문점,편의점,"경상북도 상주시 삼백로 135, (서문동)",36.4188010391821,128.158411300248,,,,,,
GS25,환호그린점,편의점,"경상북도 포항시 북구 삼호로 391, (환호동, 해맞이그린빌1단지)",36.0708702814824,129.391890369771,,,,,,
맥도날드,도량DT점,프렌차이즈,"경상북도 구미시 야은로 447, (도량동)",36.1362565210347,128.332041073566,,,,,,
GS25,인의서한점,편의점,"경상북도 구미시 여헌로 21-11, (인의동, 인동서한이다음)",36.103520046842604,128.423931153126,,,,,,
GS25,경주충효점,편의점,"경상북도 경주시 충효천길 123, (충효동)",35.843463111020895,129.185748048623,,,,,,
GS25,동천점,편의점,"경상북도 경주시 양정로261번길 10, (동천동)",35.8562809811511,129.223337227313,,,,,,
GS25,신원점,편의점,"경상북도 문경시 여중1길 30, (모전동, 문경신원아침도시아파트)",36.5978957327105,128.18906609299998,,,,,,
GS25,선산점,편의점,"경상북도 구미시 선산읍 남문로 42, (동부리)",36.241291341873,128.301743825339,,,,,,
GS25,구포점,편의점,"경상북도 구미시 옥계2공단로 280-2, (구포동)",36.130356397977295,128.41740930401699,,,,,,
GS25,인동도서관점,편의점,"경상북도 구미시 인동16길 14-4, (진평동)",36.0988492271065,128.424527985589,,,,,,
GS25,포항청하점,편의점,"경상북도 포항시 북구 청하면 동해대로 2436, (미남리)",36.1855153757835,129.345267800165,,,,,,
GS25,구미구포점,편의점,"경상북도 구미시 옥계2공단로 248-4, (구포동)",36.1278660102303,128.41562965368098,,,,,,
GS25,사동부영점,편의점,"경상북도 경산시 백양로 181, (사동, 부영그린마을5차)",35.811912909527,128.76124767062902,,,,,,
GS25,김천교동점,편의점,"경상북도 김천시 연화지2길 25, (교동, 호반)",36.1373939306874,128.09133173006902,,,,,,
GS25,구미사곡점,편의점,"경상북도 구미시 사곡로 23, (사곡동)",36.094991755750605,128.3582756784,,,,,,
GS25,해도해동로점,편의점,"경상북도 포항시 남구 해동로 97, (해도동)",36.0280214998424,129.371941979996,,,,,,
이디야,경북하양점,프렌차이즈,"경상북도 경산시 하양읍 문화로 3, (금락리, 하양우방타운3차)",35.9093012470308,128.813275612959,,,,,,
GS25,칠곡대로점,편의점,"경상북도 칠곡군 약목면 칠곡대로 1143, (관호리)",36.0001707667163,128.39119972720502,,,,,,
GS25,예천주공,편의점,"경상북도 예천군 예천읍 봉덕로 50, (대심리)",36.652212651769,128.441090218123,,,,,,
GS25,경주현곡점,편의점,"경상북도 경주시 초당길55번길 7-3, (동천동)",35.8449344442402,129.234741679846,,,,,,
버거킹,구미이마트점,프렌차이즈,"경상북도 구미시 구미대로 256, (광평동)",36.1094826253698,128.364905872656,,,,,,
이디야,선린병원점,프렌차이즈,"경상북도 포항시 북구 대신로 43, (대신동)",36.047724411371796,129.367034604022,,,,,,
스타벅스,영남대아트센터점,프렌차이즈,"경상북도 경산시 대학로 280, (대동)",35.8305010360545,128.752194422001,,,,,,
스타벅스,경주노동점,프렌차이즈,"경상북도 경주시 원효로 105-1, (노동동)",35.842123809371294,129.212482328985,,,,,,
스타벅스,구미금오산점,프렌차이즈,"경상북도 구미시 금오산로 205, (남통동)",36.122237450682896,128.323605784907,,,,,,
버거킹,경산사동점,프렌차이즈,"경상북도 경산시 백자로 55, (사동)",35.8113461377591,128.753928050992,,,,,,
스타벅스,경주대명리조트점,프렌차이즈,"경상북도 경주시 보문로 402-12, (신평동)",35.8469309745428,129.281630980767,,,,,,
스타벅스,경주대릉원점,프렌차이즈,"경상북도 경주시 첨성로 125, (황남동)",35.8340322328761,129.214971258551,,,,,,
스타벅스,대구가톨릭대점,프렌차이즈,"경상북도 경산시 하양읍 하양로 18, (금락리)",35.9077659745719,128.812395761419,,,,,,
스타벅스,포항대이점,프렌차이즈,"경상북도 포항시 남구 포스코대로 124, (대잠동)",36.025323733408705,129.339532387376,,,,,,
스타벅스,경주보문호수점,프렌차이즈,"경상북도 경주시 보문로 132-6, (북군동)",35.853277926124605,129.268702990016,,,,,,
이디야,덕곡점,프렌차이즈,"경상북도 김천시 영남대로 2010, (덕곡동)",36.118283056495,128.14867428073998,,,,,,
이디야,칠곡석적점,프렌차이즈,"경상북도 칠곡군 석적읍 북중리12길 2, (중리)",36.0772906843447,128.41408655399,,,,,,
맥도날드,이마트포항점,프렌차이즈,"경상북도 포항시 남구 냉천로 10, (인덕동)",35.9925045113993,129.39764299770098,,,,,,
이디야,구미인동점,프렌차이즈,"경상북도 구미시 인동가산로 14, (진평동)",36.1071280059858,128.418008335183,,,,,,
맥도날드,구미형곡점,프렌차이즈,"경상북도 구미시 형곡중앙로 31, (형곡동)",36.111136388611996,128.33565633240602,,,,,,
스타벅스,구미시청디티점,프렌차이즈,"경상북도 구미시 송정대로 27, (송정동)",36.1176540004314,128.341593755036,,,,,,
스타벅스,구미인동점,프렌차이즈,"경상북도 구미시 인동가산로 9-3, (황상동)",36.1080275774405,128.418501811212,,,,,,
탐앤탐스,포항상도점,프렌차이즈,"경상북도 포항시 남구 상공로 61, (상도동)",36.0138676458006,129.357286907423,,,,,,
스타벅스,포항시청점,프렌차이즈,"경상북도 포항시 남구 시청로 5, (대잠동)",36.0181762846682,129.342007305048,,,,,,
스타벅스,구미인의점,프렌차이즈,"경상북도 구미시 인동중앙로 15, (황상동)",36.1069833686445,128.420706545794,,,,,,
스타벅스,포항양덕점,프렌차이즈,"경상북도 포항시 북구 장량로 162, (양덕동)",36.0815756366978,129.398185374267,,,,,,
GS25,포항죽도점,편의점,"경상북도 포항시 북구 중흥로 244, (죽도동)",36.0243664801537,129.36051793483102,,,,,,
스타벅스,안동옥동점,프렌차이즈,"경상북도 안동시 경북대로 379, (옥동)",36.563534091862,128.702129171454,,,,,,
스타벅스,문경새재점,프렌차이즈,"경상북도 문경시 문경읍 새재로 906, (상초리)",36.759391857346294,128.07760409110398,,,,,,
버거킹,포항공대점,프렌차이즈,"경상북도 포항시 남구 청암로 77, (지곡동)",36.0106103437304,129.321313500131,,,,,,
버거킹,포항법원앞SK점,프렌차이즈,"경상북도 포항시 북구 신덕로 257, (장성동)",36.0874355181706,129.387940943426,,,,,,
스타벅스,영남대점,프렌차이즈,"경상북도 경산시 청운로 16, (대동)",35.83702099541539,128.75308613183398,,,,,,
스타벅스,안동시청점,프렌차이즈,"경상북도 안동시 서동문로 173, (삼산동)",36.5663788047207,128.731135458866,,,,,,
GS25,구미역전,편의점,"경상북도 구미시 역전로 12, (원평동)",36.129722993283,128.331735800209,,,,,,
이디야,포항효자동점,프렌차이즈,"경상북도 포항시 남구 효성로 63, (효자동)",36.006138308296705,129.340971359501,,,,,,
스타벅스,포항중앙점,프렌차이즈,"경상북도 포항시 북구 불종로 41, (신흥동)",36.038727313703205,129.36411606044902,,,,,,
GS25,하양삼성점,편의점,"경상북도 경산시 하양읍 조산천동길 2, (동서리, 하나맨션2차)",35.9150872841403,128.825212324108,,,,,,
이디야,경산오거리점,프렌차이즈,"경상북도 경산시 경안로 186, (중방동)",35.8242640560658,128.737626506518,,,,,,
이디야,구미역점,프렌차이즈,"경상북도 구미시 구미중앙로 84, (원평동)",36.1285601536227,128.33179756707898,,,,,,
스타벅스,경주황성점,프렌차이즈,"경상북도 경주시 황성로1번길 4, (황성동)",35.863929547874605,129.21299154270798,,,,,,
스타벅스,포항오천점,프렌차이즈,"경상북도 포항시 남구 오천읍 원동로 15, (문덕리)",35.9642725781496,129.402721491374,,,,,,
맥도날드,포항북부DT점,프렌차이즈,"경상북도 포항시 북구 삼호로 202, (두호동)",36.056437468568795,129.377429578141,,,,,,
스타벅스,구미공단점,프렌차이즈,"경상북도 구미시 1공단로 212, (공단동)",36.1014040356926,128.385992381022,,,,,,
이디야,숍한마당체육관점,프렌차이즈,"경상북도 포항시 남구 지곡로212번길 33, (지곡동)",36.028471466927705,129.325528278431,,,,,,
이디야,경주점,프렌차이즈,"경상북도 경주시 화랑로 95, (동부동)",35.8448587552632,129.211184542055,,,,,,
이디야,경주동천동점,프렌차이즈,"경상북도 경주시 양정로290번길 12, (동천동)",35.8584589886269,129.225407833959,,,,,,
스타벅스,포항이마트점,프렌차이즈,"경상북도 포항시 남구 냉천로 10, (인덕동)",35.9925045113993,129.39764299770098,,,,,,
GS25,옥동원룸점,편의점,"경상북도 안동시 옥동2길 42, (옥동)",36.5598244499782,128.701559386513,,,,,,
GS25,문경센타점,편의점,"경상북도 문경시 시청1길 27, 102동  (모전동, 관문파라다이스)",36.5863793955952,128.188222210065,,,,,,
이디야,카페영주풍기점,프렌차이즈,"경상북도 영주시 풍기읍 기주로 92, (성내리)",36.8702186131026,128.525767668111,,,,,,
이디야,동천현대점,프렌차이즈,"경상북도 경주시 동천로49번길 3, (동천동)",35.8522023927963,129.226462888259,,,,,,
이디야,경북성주점,프렌차이즈,"경상북도 성주군 성주읍 성주로 3216-1, (경산리)",35.9183400729057,128.285708953963,,,,,,
이디야,경북영덕점,프렌차이즈,"경상북도 영덕군 영덕읍 중앙길 96, (남석리)",36.411060751212204,129.36960544138202,,,,,,
버거킹,구미이마트점,프렌차이즈,"경상북도 구미시 구미대로 256, (광평동)",36.1094826253698,128.364905872656,,,,,,
GS25,인의희망점,편의점,"경상북도 구미시 인동25길 23, (인의동)",36.0978621479735,128.43088619276898,,,,,,
버거킹,포항공대점,프렌차이즈,"경상북도 포항시 남구 청암로 77, (지곡동)",36.0106103437304,129.321313500131,,,,,,
GS25,양덕점,편의점,"경상북도 포항시 북구 장량중앙로 78, (양덕동)",36.0894368599132,129.390219041356,,,,,,
GS25,편의점,편의점,"경상북도 의성군 의성읍 중앙길 57, (후죽리)",36.3494605094777,128.69679299460302,,,,,,
GS25,봉곡원룸점,편의점,"경상북도 구미시 봉곡남로18길 15-9, (봉곡동)",36.149127276967604,128.31524819147498,,,,,,
GS25,대구대점,편의점,"경상북도 경산시 진량읍 대구대로60길 5-11, (내리리)",35.892968379864996,128.85371556048798,,,,,,
GS25,구평희망점,편의점,"경상북도 구미시 인동35길 6, (구평동)",36.094798449896004,128.433190451314,,,,,,
GS25,김천타운점,편의점,"경상북도 김천시 고래실3길 1, (부곡동)",36.1237885419861,128.085639088892,,,,,,
GS25,아포중앙점,편의점,"경상북도 김천시 아포읍 한지1길 71, (국사리)",36.1591043115696,128.263095394619,,,,,,
GS25,경산세명점,편의점,"경상북도 경산시 경안로42길 9, (중방동)",35.8260911190269,128.738052906619,,,,,,
GS25,해도해동로점,편의점,"경상북도 포항시 남구 중앙로158번길 29, (해도동)",36.027819455212494,129.370695849644,,,,,,
GS25,정평현대점,편의점,"경상북도 경산시 대학로9길 5, (정평동)",35.8348632293132,128.727331129408,,,,,,
GS25,경산IC점,편의점,"경상북도 경산시 진량읍 대학로 938, (선화리)",35.8746377635491,128.799742987945,,,,,,
GS25,구미비산점,편의점,"경상북도 구미시 신비로 112, (비산동)",36.120819105384705,128.374256444858,,,,,,
GS25,왜관강변점,편의점,"경상북도 칠곡군 왜관읍 강변대로 847, (금산리)",35.9532319039004,128.398927464258,,,,,,
GS25,김천성내점,편의점,"경상북도 김천시 자산로 160, (성내동)",36.1246260970185,128.11819075046301,,,,,,
GS25,포항영일대점,편의점,"경상북도 포항시 북구 해안로 117, (두호동)",36.0592055019582,129.378887431688,,,,,,
GS25,김천제일점,편의점,"경상북도 김천시 시청로 74, (신음동)",36.135072622158205,128.117695309397,,,,,,
GS25,진량공단점,편의점,"경상북도 경산시 진량읍 공단로 461, (신상리)",35.8726899250782,128.818626479448,,,,,,
GS25,안동송천점,편의점,"경상북도 안동시 송천2길 72-22, (송천동)",36.5431098021679,128.793137462041,,,,,,
GS25,선산대로점,편의점,"경상북도 구미시 고아읍 선산대로 1013, (관심리)",36.2120629625163,128.325765821509,,,,,,
GS25,포항상도점,편의점,"경상북도 포항시 남구 상공로 83, (상도동)",36.0155902420054,129.358769652222,,,,,,
GS25,옥동희망점,편의점,"경상북도 안동시 광명로 163, (옥동)",36.5625310324395,128.701058792536,,,,,,
GS25,흥해점,편의점,"경상북도 포항시 북구 흥해읍 중성로32번길 16, (남성리)",36.1072129035464,129.346474548933,,,,,,
GS25,안동송현점,편의점,"경상북도 안동시 송현길 154-16, (송현동, 송현삼성명가타운2차)",36.5742690237086,128.692628481396,,,,,,
GS25,경주시청로점,편의점,"경상북도 경주시 양정로 25, (인왕동)",35.8379872650349,129.222237212304,,,,,,
GS25,대구대로점,편의점,"경상북도 경산시 진량읍 대구대로 131, (상림리)",35.9005597943812,128.838011349483,,,,,,
GS25,영천문화점,편의점,"경상북도 영천시 동부로 31-6, (야사동)",35.9731581498944,128.948347571179,,,,,,
GS25,울릉도동점,편의점,"경상북도 울릉군 울릉읍 도동길 52, (도동리)",37.4861141925752,130.906503810168,,,,,,
GS25,산동원룸점,편의점,"경상북도 구미시 산동면 산호대로41길 14-39, (봉산리)",36.1398775908945,128.441549527143,,,,,,
GS25,영주빌딩점,편의점,"경상북도 영주시 대학로12번길 4, (휴천동)",36.8103976591605,128.622942856006,,,,,,
GS25,경주보문점,편의점,"경상북도 경주시 보문로 409, (신평동)",35.8460622266357,129.28533639389,,,,,,
GS25,북구장성점,편의점,"경상북도 포항시 북구 장량로75번길 29, (장성동)",36.0850531796783,129.388987145529,,,,,,
GS25,포항효자점,편의점,"경상북도 포항시 남구 효성로 27, (효자동)",36.006481220531796,129.336895334448,,,,,,
GS25,포항신덕로점,편의점,"경상북도 포항시 북구 신덕로 215, (양덕동)",36.0863021134991,129.392417761705,,,,,,
GS25,LG전자기숙사점,편의점,"경상북도 구미시 칠성로2길 19, (신평동)",36.122404038678,128.359988781247,,,,,,
GS25,포항원동로점,편의점,"경상북도 포항시 남구 오천읍 원동로 70, (원리)",35.9691901179083,129.402996956873,,,,,,
GS25,편의점,편의점,"경상북도 구미시 인동35길 14, (구평동)",36.0953924497961,128.43342692164,,,,,,
GS25,황성한빛점,편의점,"경상북도 경주시 용담로 30, (황성동)",35.861851480512705,129.217953307131,,,,,,
GS25,옥동주공점,편의점,"경상북도 안동시 옥서1길 71, (옥동)",36.5608964264282,128.69393903371702,,,,,,
GS25,성주선남점,편의점,"경상북도 성주군 선남면 관화길 110, (관화리)",35.8996843593301,128.352851556171,,,,,,
GS25,포항위브점,편의점,"경상북도 포항시 북구 삼흥로 109, (장성동)",36.0717132973583,129.37899472981502,,,,,,
GS25,예천터미널점,편의점,"경상북도 예천군 예천읍 봉덕로 2, (대심리)",36.648687617682704,128.44386616084,,,,,,
GS25,편의점,편의점,"경상북도 구미시 1공단로 239, (공단동)",36.1027978119224,128.389775348716,,,,,,
GS25,구미상모점,편의점,"경상북도 구미시 상모로 50, (상모동)",36.0894569150311,128.355541072351,,,,,,
GS25,경주충효점,편의점,"경상북도 경주시 충효3길 15, (충효동)",35.8431559562478,129.1858209621,,,,,,
GS25,왜관2공단점,편의점,"경상북도 칠곡군 왜관읍 2산업단지1길 52, (낙산리)",35.9371930382961,128.40827858404302,,,,,,
GS25,영양점,편의점,"경상북도 영양군 영양읍 동서대로 50, (서부리)",36.6625602127926,129.11434309555798,,,,,,
GS25,포항대로점,편의점,"경상북도 포항시 북구 포스코대로 317, (죽도동)",36.0192964925569,129.358578124909,,,,,,
GS25,한의대1호점,편의점,"경상북도 경산시 한의대로 1, (유곡동)",35.7939998316412,128.777339326551,,,,,,
GS25,경산와촌점,편의점,"경상북도 경산시 와촌면 금송로 405, (소월리)",35.9454165974938,128.835547462461,,,,,,
GS25,백천센타점,편의점,"경상북도 경산시 압량읍 조산로5길 28, (부적리)",35.84610165602471,128.75812034743402,,,,,,
GS25,영덕터미널점,편의점,"경상북도 영덕군 영덕읍 덕곡천길 94, (덕곡리)",36.4140953432093,129.372167382084,,,,,,
GS25,자인공단점,편의점,"경상북도 경산시 자인면 일연로 186, (남촌리)",35.82757797297779,128.816170782271,,,,,,
GS25,LG전자구미1점,편의점,"경상북도 구미시 수출대로 168, (공단동)",36.1103794532262,128.383648200355,,,,,,
GS25,영주남산점,편의점,"경상북도 영주시 구성로 154, (휴천동)",36.8069859371602,128.629079104308,,,,,,
GS25,구미광평점,편의점,"경상북도 구미시 1공단로3길 55-5, (광평동, 영지타운)",36.106874767563,128.36592675392998,,,,,,
GS25,상주공성점,편의점,"경상북도 상주시 공성면 공성중앙로 93, (옥산리)",36.2845270527674,128.093551155868,,,,,,
GS25,청도고수점,편의점,"경상북도 청도군 청도읍 청화로 185, (고수리)",35.642220527918504,128.745125681121,,,,,,
GS25,성주티박스점,편의점,"경상북도 성주군 성주읍 성주읍2길 33, (경산리)",35.9204943742621,128.289417694293,,,,,,
GS25,동고령IC점,편의점,"경상북도 고령군 성산면 성산로 1049, (득성리)",35.7520819445993,128.376381409348,,,,,,
GS25,구미광천점,편의점,"경상북도 구미시 여헌로 32-88, (인의동)",36.1039069117044,128.426665421868,,,,,,
GS25,안동서부점,편의점,"경상북도 안동시 대안로 25, (태화동)",36.565472662711294,128.71560899864,,,,,,
GS25,포항두호점,편의점,"경상북도 포항시 북구 용두산길 3, (두호동)",36.064155365836,129.382614600072,,,,,,
GS25,청송진보점,편의점,"경상북도 청송군 진보면 진보로 128, (진안리)",36.528528667234504,129.045608968809,,,,,,
GS25,상주낙양점,편의점,"경상북도 상주시 경상대로 2943, (낙양동)",36.4100053463553,128.151034470225,,,,,,
GS25,오천용산점,편의점,"경상북도 포항시 남구 오천읍 정몽주로 190, (용산리)",35.9414416004564,129.40139801297,,,,,,
GS25,상주IC점,편의점,"경상북도 상주시 영남제일로 1321, (외답동)",36.4181704840049,128.194762672455,,,,,,
GS25,영대원룸점,편의점,"경상북도 경산시 둥지로 46, (조영동)",35.8419506314191,128.753177003773,,,,,,
GS25,영대천마점,편의점,"경상북도 경산시 대학로59길 11-9, (대동)",35.8374291298165,128.75268043609898,,,,,,
GS25,풍기그랜드점,편의점,"경상북도 영주시 풍기읍 풍기로 34, 1동  (성내리, 백산그랜드)",36.8678084440354,128.524640769385,,,,,,
GS25,울진후포점,편의점,"경상북도 울진군 후포면 울진대게로 109, (후포리)",36.6797042487051,129.45183988666201,,,,,,
GS25,구미보성점,편의점,"경상북도 구미시 산호대로 419, (비산동)",36.1212525174256,128.385378537309,,,,,,
GS25,사곡역점,편의점,"경상북도 구미시 상사서로 173-3, (사곡동)",36.0977629105649,128.35687784209,,,,,,
GS25,양덕LH점,편의점,"경상북도 포항시 북구 장량중앙로 33, (양덕동, 한양수자인아파트)",36.0910006065188,129.385149966744,,,,,,
GS25,안동용상점,편의점,"경상북도 안동시 전거리1길 71, (용상동)",36.5595210082148,128.74849781899,,,,,,
GS25,대구대후문점,편의점,"경상북도 경산시 진량읍 진량내리길 30, (내리리)",35.9048516903796,128.841634888266,,,,,,
GS25,상주삼백로점,편의점,"경상북도 상주시 삼백로 105, (무양동)",36.4186431179458,128.15513252926598,,,,,,
GS25,영주에이스점,편의점,"경상북도 영주시 대학로164번길 7, (가흥동)",36.8111017583687,128.608793271556,,,,,,
GS25,김천황산로점,편의점,"경상북도 김천시 황산로 54, (지좌동)",36.11643142963371,128.136873762984,,,,,,
GS25,석적장곡점,편의점,"경상북도 칠곡군 석적읍 유학로 96, (중리)",36.07528036093029,128.419394085486,,,,,,
GS25,포스코로점,편의점,"경상북도 포항시 남구 포스코대로 418-1, (해도동)",36.013749582245495,129.36767895041598,,,,,,
GS25,LG전자구미1점,편의점,"경상북도 구미시 산호대로 77, (공단동)",36.091420824895295,128.385010767857,,,,,,
GS25,김천장미점,편의점,"경상북도 김천시 평화장미길 52, (평화동)",36.1279364996258,128.11548488831698,,,,,,
GS25,N포항6전점,편의점,"경상북도 포항시 남구 동해안로 5945, (청림동)",35.9921381057676,129.410467469303,,,,,,
GS25,봉곡남로점,편의점,"경상북도 구미시 봉곡남로 65, (봉곡동)",36.149214048297296,128.309625415008,,,,,,
GS25,청도IC점,편의점,"경상북도 청도군 청도읍 중앙로 69, (원정리)",35.6457066613821,128.751264544652,,,,,,
GS25,김천평화점,편의점,"경상북도 김천시 평화9길 28, (평화동)",36.125643286308495,128.11007114759198,,,,,,
GS25,상모중앙점,편의점,"경상북도 구미시 상사서로11길 3, (상모동)",36.0917383225165,128.355162679207,,,,,,
GS25,구미임수점,편의점,"경상북도 구미시 3공단1로 219, (진평동)",36.102345541979496,128.401190348157,,,,,,
GS25,경주일성콘도점,편의점,"경상북도 경주시 보문로 365, (신평동)",35.848576786818704,129.28111503596799,,,,,,
GS25,울릉저동점,편의점,"경상북도 울릉군 울릉읍 울릉순환로 220, (도동리)",37.495807166275796,130.907580662878,,,,,,
GS25,포항중앙점,편의점,"경상북도 포항시 북구 중앙로 304, (상원동)",36.0397805314655,129.366597665672,,,,,,
GS25,문덕원룸점,편의점,"경상북도 포항시 남구 오천읍 문덕로 63, (문덕리)",35.95709384956079,129.403137696774,,,,,,
GS25,황상센터점,편의점,"경상북도 구미시 인동중앙로13길 21, (황상동)",36.109679239276,128.420421024657,,,,,,
GS25,동천타운점,편의점,"경상북도 경주시 초당길137번길 14, (동천동)",35.8485274218743,129.231531720767,,,,,,
GS25,약목복성점,편의점,"경상북도 칠곡군 약목면 칠곡대로 442-3, (복성리)",36.0450965053501,128.345719362621,,,,,,
GS25,문경신원점,편의점,"경상북도 문경시 여중1길 30, (모전동, 문경신원아침도시아파트)",36.5982394884848,128.18825101252898,,,,,,
GS25,한의대2호점,편의점,"경상북도 경산시 어봉지길 285-10, (여천동)",35.7866923992619,128.788064614267,,,,,,
GS25,하양하나점,편의점,"경상북도 경산시 하양읍 대경로 683-5, (금락리)",35.9094667698489,128.815448785184,,,,,,
GS25,연일중앙점,편의점,"경상북도 포항시 남구 연일읍 동문로 77, (오천리)",35.9970239297095,129.352462169201,,,,,,
맥도날드,구미인동디티점,프렌차이즈,"경상북도 구미시 인동북길 155, (인의동)",36.095434313916606,128.431816887442,,,,,,
GS25,안동태화점,편의점,"경상북도 안동시 안기천로 101, (태화동)",36.566442102177795,128.717751822075,,,,,,
GS25,금오산점,편의점,"경상북도 구미시 금오산상가길 9-8, (남통동)",36.111687723919395,128.315176264666,,,,,,
GS25,포항항만점,편의점,"경상북도 포항시 남구 신항로 99-98, (청림동)",36.0061298513885,129.415430673033,,,,,,
GS25,구미옥계점,편의점,"경상북도 구미시 옥계북로 28, (옥계동)",36.1381866323733,128.420550823308,,,,,,
GS25,충효대로점,편의점,"경상북도 경주시 태종로 458, (충효동)",35.8432392124691,129.180110412422,,,,,,
GS25,칠곡가산점,편의점,"경상북도 칠곡군 가산면 경북대로 1465, (천평리)",36.0764964422195,128.539041980283,,,,,,
GS25,용상시장점,편의점,"경상북도 안동시 경동로 866, (용상동)",36.559425647763604,128.750764636355,,,,,,
GS25,동천중앙점,편의점,"경상북도 경주시 초당길133번길 14-1, (동천동)",35.8482179737325,129.23182582558002,,,,,,
GS25,석적원룸점,편의점,"경상북도 칠곡군 석적읍 동중리10길 12, (중리)",36.0770234435057,128.41837079042,,,,,,
GS25,옥산센터점,편의점,"경상북도 경산시 경산로44길 8, (옥산동)",35.8271641918717,128.72613198254,,,,,,
GS25,구미인의점,편의점,"경상북도 구미시 인동15길 14, (인의동)",36.1001211520611,128.426756013718,,,,,,
GS25,군위점,편의점,"경상북도 군위군 군위읍 중앙길 38, (서부리)",36.231864293987705,128.567238907605,,,,,,
GS25,상주인봉점,편의점,"경상북도 상주시 삼백로 176, (인봉동)",36.4186688030689,128.162916114273,,,,,,
GS25,문경중앙점,편의점,"경상북도 문경시 신흥로 161-9, (점촌동)",36.5956397925596,128.201813088178,,,,,,
GS25,편의점,편의점,"경상북도 경주시 황성로69번길 5, (황성동)",35.8681231137128,129.217185599326,,,,,,
GS25,상주모서점,편의점,"경상북도 상주시 모서면 중화로 893-1, (삼포리)",36.341733633013895,127.96030440122,,,,,,
GS25,옥동원룸점,편의점,"경상북도 안동시 옥동1길 55-6, (옥동)",36.5594007709898,128.701577898461,,,,,,
GS25,포항흥해점,편의점,"경상북도 포항시 북구 흥해읍 중성로32번길 14, (남성리)",36.1074382913075,129.346467289808,,,,,,
GS25,강동산단점,편의점,"경상북도 경주시 강동면 강동산단로 43-18, (왕신리)",35.9565652755941,129.312863836378,,,,,,
스타벅스,경산이마트점,프렌차이즈,"경상북도 경산시 옥산로 227, (중산동)",35.8349247755725,128.72010384857901,,,,,,
맥도날드,구미형곡점,프렌차이즈,"경상북도 구미시 형곡중앙로 31, (형곡동)",36.111136388611996,128.33565633240602,,,,,,
GS25,구미인의점,편의점,"경상북도 구미시 상사서로 128, (사곡동, 보성황실타운1차)",36.0946449913747,128.35668606244698,,,,,,
GS25,편의점,편의점,"경상북도 안동시 태사길 14-10, (삼산동)",36.56627673055821,128.731614898022,,,,,,
GS25,영천역점,편의점,"경상북도 영천시 완산로 6, (완산동)",35.9606546876916,128.939517725446,,,,,,
GS25,편의점,편의점,"경상북도 상주시 경상대로 2560-3, (가장동)",36.3772211835633,128.148184745633,,,,,,
GS25,편의점용암온천점,편의점,"경상북도 청도군 화양읍 온천길 23, (삼신리)",35.6888795187386,128.719032015879,,,,,,
GS25,구미4공단점,편의점,"경상북도 구미시 산동면 첨단기업1로 60, (봉산리)",36.1405626967995,128.443953476046,,,,,,
GS25,왜관우방점,편의점,"경상북도 칠곡군 왜관읍 중앙로 118, (왜관리)",35.9851707787601,128.40005297618,,,,,,
탐앤탐스,구미원평점,프렌차이즈,"경상북도 구미시 구미중앙로17길 16, (원평동)",36.128984175180896,128.334887940856,,,,,,
GS25,안강터미널점,편의점,"경상북도 경주시 안강읍 안강중앙로 142, (산대리)",35.993334803003705,129.215502135709,,,,,,
GS25,상주대로점,편의점,"경상북도 상주시 경상대로 3150, (만산동)",36.4280920372194,128.15218474866398,,,,,,
GS25,영천IC점,편의점,"경상북도 영천시 영천아이시로 66, (봉동)",35.9331131167364,128.945032029662,,,,,,
GS25,영주꽃동산점,편의점,"경상북도 영주시 지천로 158, (가흥동)",36.814454787098605,128.619142538241,,,,,,
GS25,경주고속점,편의점,"경상북도 경주시 태종로 693, (노서동)",35.8386945965934,129.203951521336,,,,,,
이디야,안동강남점,프렌차이즈,"경상북도 안동시 강남5길 35, (정하동)",36.55047098462779,128.734303042195,,,,,,
GS25,용상대로점,편의점,"경상북도 안동시 경동로 1048, (용상동)",36.550307156916105,128.767475814809,,,,,,
GS25,해도중앙점,편의점,"경상북도 포항시 남구 축항로 3, (해도동)",36.0286968730306,129.368835994688,,,,,,
이디야,경북봉화점,프렌차이즈,"경상북도 봉화군 봉화읍 봉화로 1187, (내성리)",36.8905347446839,128.73997046311501,,,,,,
GS25,정평점,편의점,"경상북도 경산시 강변서로51길 18, (정평동)",35.8302240817778,128.729867642161,,,,,,
GS25,경산영대점,편의점,"경상북도 경산시 대학로 323, (조영동)",35.8391635234185,128.75637180556498,,,,,,
GS25,성주중앙점,편의점,"경상북도 성주군 성주읍 성주읍3길 13, (경산리)",35.9192918756476,128.287219345142,,,,,,
이디야,금장점,프렌차이즈,"경상북도 경주시 현곡면 용담로 181, (금장리)",35.8672530073818,129.202456721543,,,,,,
GS25,청송점,편의점,"경상북도 청송군 청송읍 금월로 229, (금곡리)",36.42945417694129,129.05545320038098,,,,,,
GS25,포항오천점,편의점,"경상북도 포항시 남구 오천읍 충무로 40-1, (용덕리)",35.9760337048538,129.414238906929,,,,,,
GS25,상주가장점,편의점,"경상북도 상주시 가장오갈미길 1, (가장동)",36.383129305358295,128.151484059155,,,,,,
GS25,경산대림점,편의점,"경상북도 경산시 대학로28길 31, (중방동, 중방E편한세상2단지)",35.8318323357322,128.738083930689,,,,,,
GS25,오천구정점,편의점,"경상북도 포항시 남구 오천읍 정몽주로693번길 1, (구정리)",35.9793675724651,129.41200316974,,,,,,
GS25,해도형산로점,편의점,"경상북도 포항시 남구 중앙로 29, (해도동)",36.0157848985486,129.370176807373,,,,,,
GS25,황성청우점,편의점,"경상북도 경주시 원지길 4, 101동  (황성동, 청우파크맨션)",35.8680793258521,129.217948950746,,,,,,
GS25,지곡그린점,편의점,"경상북도 포항시 남구 지곡로 340, (지곡동)",36.03214529006671,129.316003270825,,,,,,
GS25,성건원룸점,편의점,"경상북도 경주시 공영주택길7번길 6, (성건동)",35.85562775303771,129.207728096521,,,,,,
GS25,시청로점,편의점,"경상북도 경주시 양정로 241, (동천동)",35.854264463854896,129.22399263882602,,,,,,
GS25,오천원룸점,편의점,"경상북도 포항시 남구 오천읍 철강로723번길 13-4, (문덕리)",35.963686487751495,129.40582624836,,,,,,
버거킹,안동중앙점,프렌차이즈,"경상북도 안동시 문화광장길 40-6, (남부동)",36.5647286574871,128.731287486582,,,,,,
버거킹,인의점,프렌차이즈,"경상북도 구미시 인동중앙로 16, (인의동)",36.1068916412193,128.421161439074,,,,,,
GS25,울진죽변점,편의점,"경상북도 울진군 죽변면 죽변중앙로 147, (죽변리)",37.0591096167205,129.420192700498,,,,,,
GS25,문경흥덕점,편의점,"경상북도 문경시 호서로 92, (흥덕동)",36.602316513531605,128.202612906395,,,,,,
GS25,의성역점,편의점,"경상북도 의성군 의성읍 군청길 4, (후죽리)",36.3535280292306,128.69474575044902,,,,,,
GS25,포항용흥점,편의점,"경상북도 포항시 북구 용흥로 33, (용흥동)",36.0337041815503,129.355663253975,,,,,,
GS25,진량봉황점,편의점,"경상북도 경산시 진량읍 봉황길 22, (봉회리)",35.8843413659269,128.820308008966,,,,,,
이디야,신음사거리점,프렌차이즈,"경상북도 김천시 부거리길 8, (신음동)",36.134361392966795,128.116883155962,,,,,,
GS25,봉곡대로점,편의점,"경상북도 구미시 봉곡로 38, (봉곡동)",36.1420204633704,128.310119405743,,,,,,
GS25,이동센타점,편의점,"경상북도 포항시 남구 포스코대로 127, (이동)",36.026040249111205,129.339932831264,,,,,,
이디야,문경시청점,프렌차이즈,"경상북도 문경시 당교로 243-1, (모전동)",36.5863679561539,128.189753193294,,,,,,
GS25,포항오광장점,편의점,"경상북도 포항시 북구 중흥로 216, (죽도동)",36.022652332621604,129.358291816842,,,,,,
GS25,상주성동점,편의점,"경상북도 상주시 중앙로 282, (성동동)",36.41597385668229,128.169534066327,,,,,,
GS25,원리중앙점,편의점,"경상북도 포항시 남구 오천읍 냉천로284번길 11-2, (원리)",35.9689875553524,129.408747312104,,,,,,
GS25,칠곡동명점,편의점,"경상북도 칠곡군 동명면 금암동석4길 29, (금암리)",35.9849004642055,128.55416569740402,,,,,,
이디야,영주점,프렌차이즈,"경상북도 영주시 영주로 228, (하망동)",36.8256538522797,128.624804017179,,,,,,
GS25,경산미래점,편의점,"경상북도 경산시 백자로 135, (사동)",35.8170024294276,128.758861697902,,,,,,
GS25,문경여중점,편의점,"경상북도 문경시 반쟁이3길 23, (모전동)",36.5933793477278,128.189848590941,,,,,,
GS25,양덕원룸점,편의점,"경상북도 포항시 북구 천마로46번길 24, (양덕동)",36.08054010254929,129.399654739651,,,,,,
GS25,무양원룸점,편의점,"경상북도 상주시 동수2길 39, (무양동)",36.421114963971704,128.153263985829,,,,,,
GS25,경산옥산점,편의점,"경상북도 경산시 경산로44길 11, (옥산동)",35.8276576841453,128.726501710578,,,,,,
GS25,왜관공단로점,편의점,"경상북도 칠곡군 왜관읍 공단로 137, (금산리)",35.9655372837466,128.411562078561,,,,,,
GS25,영천청솔점,편의점,"경상북도 영천시 청솔길 23-6, (망정동, 청솔)",35.9889127939488,128.955134604421,,,,,,
GS25,선산단계점,편의점,"경상북도 구미시 선산읍 선산중앙로 61, (노상리)",36.2425359204278,128.297821098267,,,,,,
GS25,상모해오름점,편의점,"경상북도 구미시 상모로4길 27, (상모동)",36.086828084656204,128.354540970905,,,,,,
이디야,영주가흥사거리점,프렌차이즈,"경상북도 영주시 대학로 221, (가흥동)",36.815294581475705,128.604802696827,,,,,,
이디야,상주이마트점,프렌차이즈,"경상북도 상주시 경상대로 3141, (만산동)",36.4277780865701,128.15101312362,,,,,,
GS25,노서중앙점,편의점,"경상북도 경주시 태종로699번길 24-1, (노서동)",35.8407492275199,129.204879157816,,,,,,
GS25,양덕타운점,편의점,"경상북도 포항시 북구 양덕로30번길 47, (양덕동)",36.0816400271896,129.407312685806,,,,,,
GS25,환호그린점,편의점,"경상북도 포항시 북구 삼호로 393, (환호동)",36.068603146217896,129.390773667417,,,,,,
GS25,일번가점,편의점,"경상북도 구미시 구미중앙로 105, (원평동)",36.1279862634995,128.33398380078398,,,,,,
GS25,청림대로점,편의점,"경상북도 포항시 남구 동해안로 6059, (청림동)",35.9943255733926,129.402998396317,,,,,,
GS25,포항송도점,편의점,"경상북도 포항시 남구 운하로 36, (송도동)",36.027616848675706,129.375795971005,,,,,,
GS25,원리원룸점,편의점,"경상북도 포항시 남구 오천읍 냉천로298번길 12, (원리)",35.968286819012604,129.40855747835198,,,,,,
버거킹,경주보문점,프렌차이즈,"경상북도 경주시 엑스포로 80, (천군동)",35.8345764593531,129.28987714387,,,,,,
GS25,울릉도동점,편의점,"경상북도 울릉군 울릉읍 도동길 54, (도동리)",37.4862615176307,130.906373872808,,,,,,
GS25,예천터미널점,편의점,"경상북도 예천군 예천읍 충효로 175, (대심리)",36.6487050163423,128.444034023419,,,,,,
이디야,황성유림점,프렌차이즈,"경상북도 경주시 용담로92번길 66, (황성동)",35.868888766065204,129.215447793456,,,,,,
GS25,용덕점,편의점,"경상북도 포항시 남구 오천읍 정몽주로 611-1, (용덕리)",35.972654905148204,129.414932552149,,,,,,
GS25,중방점,편의점,"경상북도 경산시 경안로43길 12, (중방동)",35.826803406833704,128.735071267125,,,,,,
GS25,경주구정점,편의점,"경상북도 경주시 구정1길 6, (구정동)",35.7774654180058,129.298001130569,,,,,,
맥도날드,포항장성DT점,프렌차이즈,"경상북도 포항시 북구 새천년대로 1261, (장성동)",36.0746997475369,129.384952843058,,,,,,
스타벅스,포항북부비치점,프렌차이즈,"경상북도 포항시 북구 삼호로 186, (항구동)",36.055018529671,129.37699419787901,,,,,,
GS25,경주평화점,편의점,"경상북도 경주시 동대로 14, (성건동)",35.8555873512421,129.20546899044902,,,,,,
GS25,김천시민로점,편의점,"경상북도 김천시 시민로 34, (부곡동)",36.1269927886331,128.10267390161002,,,,,,
GS25,경주읍천점,편의점,"경상북도 경주시 양남면 동해안로 629, (읍천리)",35.698240621858396,129.471312049408,,,,,,
GS25,옥동원룸점,편의점,"경상북도 안동시 옥동4길 70, (옥동)",36.559476416864705,128.702505788721,,,,,,
나들가게,코사마트,편의점,"경상북도 포항시 북구 삼호로 335, (두호동, 청우대림1차)",36.066970498882796,129.38545005582301,,,,,,
GS25,황상센터점,편의점,"경상북도 구미시 인동중앙로5길 38, (황상동)",36.110057853444,128.420400827621,,,,,,
GS25,성주용신점,편의점,"경상북도 성주군 선남면 도성3길 2, (도성리)",35.882273738435394,128.372732310021,,,,,,
GS25,김천강변점,편의점,"경상북도 김천시 아랫장터2길 86, (감호동)",36.1232799695545,128.129975678302,,,,,,
GS25,임당공원점,편의점,"경상북도 경산시 둥지로 61, (임당동)",35.8422155941489,128.751164830092,,,,,,
GS25,포항IC점,편의점,"경상북도 포항시 북구 흥해읍 새마을로 340, (대련리)",36.045771126093605,129.327527250303,,,,,,
이디야,황성동점,프렌차이즈,"경상북도 경주시 용담로 92, (황성동)",35.8643025150076,129.21175713415002,,,,,,
GS25,북군점,편의점,"경상북도 경주시 북군길 15, (북군동)",35.8520530404374,129.26349142242202,,,,,,
스타벅스,구미점,프렌차이즈,"경상북도 구미시 구미중앙로 94, (원평동)",36.1281880083274,128.332740344245,,,,,,
GS25,구미공단점,편의점,"경상북도 구미시 1공단로7길 86-1, (공단동)",36.109956774914295,128.377681505758,,,,,,
나들가게,플러스슈퍼,편의점,"경상북도 영주시 풍기읍 동양대로 73, (교촌리)",36.875724050971996,128.532008486099,,,,,,
GS25,금오공대점,편의점,"경상북도 구미시 대학로 39, (거의동)",36.139341634049,128.39636732897,,,,,,
스타벅스,포항MBC시네마점,프렌차이즈,"경상북도 포항시 북구 중앙상가길 16, (대흥동)",36.0366584914366,129.362970765005,,,,,,
GS25,포항환호점,편의점,"경상북도 포항시 북구 삼호로 466, (환호동)",36.06959088178029,129.398827974676,,,,,,
GS25,상주주차장청주방면,편의점,"경상북도 상주시 선상서로 2443-28, (거동동)",36.375038513928104,128.181972134309,,,,,,
GS25,경북전문대점,편의점,"경상북도 영주시 대학로 86, (가흥동)",36.8075999508101,128.615063973675,,,,,,
맥도날드,이마트포항점,프렌차이즈,"경상북도 포항시 남구 냉천로 10, (인덕동)",35.9925045113993,129.39764299770098,,,,,,
GS25,아포덕일점,편의점,"경상북도 김천시 아포읍 한지2길 64-14, (국사리)",36.158069395342395,128.262380631187,,,,,,
GS25,경산계양점,편의점,"경상북도 경산시 원효로28길 26, (계양동)",35.819866971887606,128.750511575877,,,,,,
GS25,김천휴게소부산방면,편의점,"경상북도 김천시 농소면 경부고속도로 193, (신촌리)",36.129050382683296,128.16488198084,,,,,,
나들가게,에덴점,편의점,"경상북도 구미시 고아읍 선산대로 1220, (오로리, 고아에덴타운)",36.2252775351822,128.311548978596,,,,,,
맥도날드,경주황남DT점,프렌차이즈,"경상북도 경주시 태종로 701, (노서동)",35.8389102319414,129.20491775923298,,,,,,
나들가게,한솔마트,편의점,"경상북도 영주시 풍기읍 남원로 152-21, (성내리, 한솔맨션)",36.8714998561253,128.519259638172,,,,,,
GS25,옥산강변점,편의점,"경상북도 경산시 성암로21길 4-2, (옥산동)",35.8249148432345,128.728457757551,,,,,,
GS25,옥동대로점,편의점,"경상북도 안동시 옥동3길 5, (옥동)",36.5612715687134,128.700678756477,,,,,,
GS25,김천실라점,편의점,"경상북도 김천시 새동네길 14-19, (다수동, 실라1차)",36.12667956546721,128.075421246871,,,,,,
맥도날드,도량DT점,프렌차이즈,"경상북도 구미시 야은로 447, (도량동)",36.1362565210347,128.332041073566,,,,,,
GS25,상주삼백로점,편의점,"경상북도 상주시 무양2길 10, (무양동)",36.41892257812479,128.155077328885,,,,,,
GS25,원리원룸점,편의점,"경상북도 포항시 남구 오천읍 냉천로298번길 14-12, (원리)",35.9686838011932,129.408520184416,,,,,,
스타벅스,경주보문로점,프렌차이즈,"경상북도 경주시 보문로 510-6, (신평동)",35.838827359137895,129.285961262697,,,,,,
GS25,충효대로점,편의점,"경상북도 경주시 태종로 460, (충효동)",35.8431473582719,129.18028616128902,,,,,,
GS25,봉곡네오빌점,편의점,"경상북도 구미시 봉곡북로 61, (봉곡동)",36.1543488202655,128.31062359689,,,,,,
스타벅스,포항애비뉴점,프렌차이즈,"경상북도 포항시 남구 중흥로 77, (상도동)",36.0127632066289,129.34893728069798,,,,,,
GS25,구미인평점,편의점,"경상북도 구미시 인동5길 6, (인의동)",36.103823702828,128.422166858204,,,,,,
GS25,경산대림점,편의점,"경상북도 경산시 대학로32길 24, (중방동, 중방E편한세상2단지)",35.8319147078317,128.739346473054,,,,,,
GS25,김천휴게소서울방면,편의점,"경상북도 김천시 농소면 경부고속도로 194, (신촌리)",36.130872490822796,128.163796978085,,,,,,
GS25,안동풍산점,편의점,"경상북도 안동시 풍산읍 풍산중앙길 129, (안교리)",36.5787700205863,128.574917228741,,,,,,
맥도날드,포항북부DT점,프렌차이즈,"경상북도 포항시 북구 해안로 82, (두호동)",36.0560338652169,129.378044078875,,,,,,
GS25,김천대신점,편의점,"경상북도 김천시 신양4길 1, (신음동)",36.133515243377104,128.115781939733,,,,,,
GS25,구미임수점,편의점,"경상북도 구미시 3공단1로 280-3, (임수동)",36.107423430499395,128.40280446311598,,,,,,
GS25,안동법원점,편의점,"경상북도 안동시 강남5길 40, (정하동)",36.5507797168724,128.733926186563,,,,,,
맥도날드,경주보문DT점,프렌차이즈,"경상북도 경주시 보문로 441, (신평동)",35.8442135354035,129.287963208662,,,,,,
나들가게,만촌마트,편의점,"경상북도 봉화군 석포면 석포로 154, (석포리)",37.0443074494234,129.063567408972,,,,,,
나들가게,황상슈퍼,편의점,"경상북도 구미시 검성로 54-4, (황상동)",36.1154132741743,128.425017008739,,,,,,
나들가게,현대슈퍼,편의점,"경상북도 영주시 부석면 부석로 38, (소천리)",36.97791194382,128.653778572981,,,,,,
GS25,김천덕곡점,편의점,"경상북도 김천시 영남대로 2040, (덕곡동)",36.1170176643819,128.15152675264798,,,,,,
GS25,구미중앙점,편의점,"경상북도 구미시 구미중앙로 48, (원평동)",36.1299760104122,128.328226049823,,,,,,
GS25,김천동보점,편의점,"경상북도 김천시 양금로 196, 1동  (황금동, 동보수정맨션)",36.111317677436794,128.123391378819,,,,,,
GS25,구미구포점,편의점,"경상북도 구미시 옥계2공단로 280, (구포동)",36.1305847329102,128.416543915364,,,,,,
나들가게,현대마트,편의점,"경상북도 포항시 북구 득량길 48, (득량동)",36.0261066928665,129.348476860476,,,,,,
GS25,하양금락점,편의점,"경상북도 경산시 하양읍 대학로 1522, (금락리)",35.913977932021204,128.82137834361902,,,,,,
스타벅스,포항대도동점,프렌차이즈,"경상북도 포항시 남구 포스코대로 340, (대도동)",36.0176278116843,129.360291156119,,,,,,
GS25,구미낙동점,편의점,"경상북도 구미시 산호대로 187, (공단동)",36.100532936274796,128.38501079191002,,,,,,
GS25,원평보라점,편의점,"경상북도 구미시 송원서로6길 41-4, (원평동)",36.123736205556796,128.348385658619,,,,,,
GS25,구미봉곡점,편의점,"경상북도 구미시 봉곡로 100, (봉곡동)",36.1474719843726,128.310618706845,,,,,,
GS25,신대타운점,편의점,"경상북도 경산시 압량읍 압독4로 11, (신대리)",35.8386674568382,128.76638468794,,,,,,
GS25,원평드림점,편의점,"경상북도 구미시 송원서로8길 22, (원평동)",36.1249676836399,128.346413615315,,,,,,
GS25,경산중앙점,편의점,"경상북도 경산시 대학로8길 32, (중산동)",35.8299024507929,128.726422558215,,,,,,
이디야,경산롯데시네마점,프렌차이즈,"경상북도 경산시 경안로65길 5-8, (대평동)",35.83524007656221,128.733544115157,,,,,,
이디야,학산점,프렌차이즈,"경상북도 포항시 북구 학산로11번길 8-1, (학산동)",36.0498343687617,129.36377498887398,,,,,,
GS25,대구대도서관점,편의점,"경상북도 경산시 진량읍 대구대로 201, (내리리)",35.904527867719494,128.84282791143602,,,,,,
GS25,울진월변점,편의점,"경상북도 울진군 울진읍 울진중앙로 84-1, (읍내리)",36.9895687657128,129.399296962471,,,,,,
GS25,성주하나로점,편의점,"경상북도 성주군 성주읍 성주순환로3길 25, 101동  (백전리, 성주하나로)",35.9242087969388,128.281430502042,,,,,,
GS25,구미중앙점,편의점,"경상북도 구미시 문화로 10, (원평동)",36.129369151767996,128.332578677978,,,,,,
GS25,안동광명점,편의점,"경상북도 안동시 안기천로 87, (태화동)",36.5651932529565,128.71711463793199,,,,,,
GS25,원평제일점,편의점,"경상북도 구미시 구미중앙로39길 11, (원평동)",36.1228662470727,128.350003753295,,,,,,
GS25,왜관리버빌점,편의점,"경상북도 칠곡군 왜관읍 2번도로길 107, (왜관리)",35.9971858947964,128.397152212354,,,,,,
GS25,편의점,편의점,"경상북도 포항시 북구 우창동로21번길 2, (우현동)",36.0550865926336,129.36156817185199,,,,,,
GS25,진평베스트점,편의점,"경상북도 구미시 진평길 70, (진평동)",36.1034629568742,128.41966598725,,,,,,
이디야,포항오천점,프렌차이즈,"경상북도 포항시 남구 오천읍 원동로 20, (원리)",35.964887565026295,129.403308842549,,,,,,
스타벅스,김천시청디티점,프렌차이즈,"경상북도 김천시 시청로 47, (신음동)",36.1324679871875,128.1175803147,,,,,,
맥도날드,포항2호점,프렌차이즈,"경상북도 포항시 북구 중앙로 291, (상원동)",36.039024495549704,129.365719077211,,,,,,
GS25,북삼원룸점,편의점,"경상북도 칠곡군 북삼읍 금오대로4길 8, (인평리)",36.067490068294795,128.347049566387,,,,,,
나들가게,코사마트,편의점,"경상북도 포항시 북구 양학로 149, 101동  (득량동, 경성양학마을)",36.03423412042579,129.340593123163,,,,,,
GS25,낙양센터점,편의점,"경상북도 상주시 상서문2길 46, (낙양동)",36.41241674165371,128.15413892196997,,,,,,
GS25,편의점,편의점,"경상북도 경주시 황성로69번길 18, 401동  (황성동, 청우타운)",35.8697442172161,129.216413136578,,,,,,
GS25,하양롯제점,편의점,"경상북도 경산시 하양읍 대학로298길 20-9, (금락리, 경산하양롯데)",35.911072300612396,128.827131645816,,,,,,
GS25,경주황성점,편의점,"경상북도 경주시 황성로28번길 6, (황성동)",35.865298726628204,129.214850423874,,,,,,
이디야,고령점,프렌차이즈,"경상북도 고령군 대가야읍 우륵로 16-1, (쾌빈리)",35.7312775295748,128.269341918824,,,,,,
GS25,안동으뜸점,편의점,"경상북도 안동시 서경지1길 2, (태화동)",36.562469281396,128.714497654693,,,,,,
스타벅스,구미옥계점,프렌차이즈,"경상북도 구미시 옥계북로 20, (옥계동)",36.138307265685,128.41956256013,,,,,,
GS25,영대타운점,편의점,"경상북도 경산시 조영길 19, (조영동)",35.8381516833104,128.758177532175,,,,,,
이디야,구미옥계동점,프렌차이즈,"경상북도 구미시 산호대로23길 35, (옥계동)",36.1389851804614,128.416421640152,,,,,,
GS25,경산스카이점,편의점,"경상북도 경산시 삼풍로2길 22, (삼풍동)",35.8202437490107,128.756546424326,,,,,,
이디야,포항우현동점,프렌차이즈,"경상북도 포항시 북구 우창동로21번길 6, (우현동)",36.0552758139985,129.361571431498,,,,,,
이디야,구미시청점,프렌차이즈,"경상북도 구미시 송원서로 29, (송정동)",36.120346364682796,128.342471903942,,,,,,
GS25,포항동해점,편의점,경상북도 포항시 남구 동해면 일월로 94-1,35.9880897959436,129.443197345657,,,,,,
이디야,인동중앙점,프렌차이즈,"경상북도 구미시 인동중앙로6길 39, (인의동)",36.1067868411751,128.425314849562,,,,,,
스타벅스,경주터미널DT점,프렌차이즈,"경상북도 경주시 태종로 686, (사정동)",35.8382145194912,129.203291217681,,,,,,
이디야,안동옥동점,프렌차이즈,"경상북도 안동시 광명로 171-1, (옥동)",36.5629606345863,128.701565398971,,,,,,
이디야,주왕산국립공원점,프렌차이즈,"경상북도 청송군 주왕산면 공원길 162, (상의리)",36.3919546622829,129.14263772895399,,,,,,
GS25,왜관다숲점,편의점,경상북도 칠곡군 왜관읍 평장3길 31-3,35.9859430913667,128.40625613932,,,,,,
GS25,안동경동로점,편의점,"경상북도 안동시 경동로 293, (송현동)",36.573561634134606,128.69339311474198,,,,,,
GS25,육거리점,편의점,"경상북도 포항시 북구 서동로 90, (여천동)",36.040462957558,129.367608158163,,,,,,
이디야,포항이동골프점,프렌차이즈,"경상북도 포항시 남구 희망대로 614, (대잠동)",36.0130426024592,129.340899727388,,,,,,
이디야,구미황상점,프렌차이즈,"경상북도 구미시 검성로 42-3, (황상동)",36.1145209327046,128.42503441653298,,,,,,
이디야,안동점,프렌차이즈,"경상북도 안동시 서동문로 178, (삼산동)",36.5660800521978,128.731356085193,,,,,,
이디야,경주황성유림점,프렌차이즈,"경상북도 경주시 용담로92번길 68, (황성동)",35.8691134894921,129.215506590061,,,,,,
GS25,포항장흥점,편의점,"경상북도 포항시 남구 대송면 철강로 174, (제내리)",35.98741622676221,129.361269353858,,,,,,
탐앤탐스,건천휴게소서울방면,프렌차이즈,"경상북도 경주시 건천읍 경부고속도로 76, (금척리)",35.8319000236661,129.109252249276,,,,,,
GS25,죽변중앙점,편의점,"경상북도 울진군 죽변면 죽변중앙로 174, (죽변리)",37.0591735493354,129.423128388423,,,,,,
이디야,천북산업단지점,프렌차이즈,"경상북도 경주시 천북면 천북산단로 155, (오야리)",35.942335204730504,129.27093407105698,,,,,,
GS25,율곡혁신점,편의점,"경상북도 김천시 혁신4로 72, (율곡동, 경북혁신엘에이치천년나무2단지)",36.1198763713413,128.188513416426,,,,,,
GS25,인의센터점,편의점,"경상북도 구미시 인동중앙로8길 17, (인의동)",36.1079181604284,128.423988104393,,,,,,
GS25,예천주공점,편의점,"경상북도 예천군 예천읍 봉덕로 50, (대심리)",36.652212651769,128.441090218123,,,,,,
GS25,김천율곡점,편의점,"경상북도 김천시 혁신6로 2, (율곡동)",36.123898007609604,128.181479698208,,,,,,
GS25,구미도량점,편의점,"경상북도 구미시 문장로 88, (도량동)",36.141284654667295,128.332428946984,,,,,,
GS25,포항제일점,편의점,"경상북도 포항시 북구 불종로 62, (중앙동)",36.0381241081902,129.366435887055,,,,,,
이디야,영주역점,프렌차이즈,"경상북도 영주시 대학로 3, (휴천동)",36.8102573769247,128.623916775814,,,,,,
GS25,영남대학생회관점,편의점,"경상북도 경산시 대학로 280, (대동)",35.8305010360545,128.752194422001,,,,,,
GS25,포항대신점,편의점,"경상북도 포항시 북구 중앙로398번길 2, (대신동)",36.0480819051609,129.364133178988,,,,,,
GS25,죽도칠성점,편의점,"경상북도 포항시 북구 중흥로151번길 8, (죽도동)",36.018454500618205,129.35333859039102,,,,,,
GS25,김천중앙점,편의점,"경상북도 김천시 송설로 163, (부곡동)",36.124063610697796,128.102625649879,,,,,,
이디야,상주시청점,프렌차이즈,"경상북도 상주시 상산로 243-1, (남성동)",36.412680282957794,128.15934665099,,,,,,
GS25,문성대로점,편의점,"경상북도 구미시 고아읍 들성로 223, (문성리)",36.1608886137529,128.344859930251,,,,,,
GS25,포항법원로점,편의점,"경상북도 포항시 북구 법원로 39, (장성동)",36.0783794923472,129.385494758386,,,,,,
GS25,구미강동점,편의점,"경상북도 구미시 인동20길 45, (진평동)",36.0952476505791,128.423509142728,,,,,,
GS25,구미보성,편의점,"경상북도 구미시 산호대로 423, (비산동, 강변보성타운)",36.121843910746705,128.383648422127,,,,,,
GS25,황상타운점,편의점,"경상북도 구미시 검성로 32-3, (황상동)",36.1136286305063,128.425040716414,,,,,,
GS25,김천KTX,편의점,"경상북도 김천시 혁신3로 46, (율곡동)",36.114895177837894,128.180725849212,,,,,,
GS25,하양원룸,편의점,"경상북도 경산시 하양읍 대학로305길 45, (금락리)",35.9113289208961,128.817295965716,,,,,,
GS25,하양타운점,편의점,"경상북도 경산시 하양읍 문화로4길 7, (금락리)",35.9110206646684,128.813581267774,,,,,,
GS25,신대센타,편의점,"경상북도 경산시 압량읍 압독3로 21, (신대리)",35.8416190319392,128.764298790792,,,,,,
GS25,덕구온천점,편의점,"경상북도 울진군 북면 덕구온천로 924, (덕구리)",37.079068831951,129.284237182872,,,,,,
GS25,양북한수원점,편의점,"경상북도 경주시 양북면 감은로 155, (어일리, 푸르뫼사택)",35.78278460792,129.448579549686,,,,,,
GS25,영덕강구,편의점,"경상북도 영덕군 강구면 동해대로 4419, (오포리)",36.3522946590082,129.37822313528298,,,,,,
이디야,영천장천점,프렌차이즈,"경상북도 영천시 장천길 9, (조교동)",35.9703047827854,128.95129593858601,,,,,,
GS25,형곡센터점,편의점,"경상북도 구미시 형곡로33길 46, (형곡동, 삼우타운)",36.1101913663337,128.338384728367,,,,,,
GS25,용강공단,편의점,"경상북도 경주시 공단로 69, (황성동)",35.873255612080996,129.221206265033,,,,,,
GS25,성건하나점,편의점,"경상북도 경주시 동성로 23, (성건동)",35.843650957143105,129.203118735151,,,,,,
GS25,안동대후문점,편의점,"경상북도 안동시 논골길 49-4, (송천동)",36.540768612141704,128.796899635854,,,,,,
GS25,입실러블리점,편의점,"경상북도 경주시 외동읍 입실로1길 70-3, (입실리)",35.7152974795626,129.326698463287,,,,,,
GS25,옥산타운점,편의점,"경상북도 경산시 성암로 101, (옥산동)",35.8248885427863,128.728335777219,,,,,,
GS25,동명대로,편의점,"경상북도 칠곡군 동명면 경북대로 154, (봉암리)",35.9749340133699,128.553730114189,,,,,,
GS25,의성안계,편의점,"경상북도 의성군 안계면 안계길 128, (용기리)",36.383871265377,128.438589051339,,,,,,
GS25,안동센타점,편의점,"경상북도 안동시 대안로 117-1, (대석동)",36.56556352581529,128.725921615014,,,,,,
맥도날드,구미옥계DT점,프렌차이즈,경상북도 구미시 옥계2공단로 392,36.140528981321395,128.418263216414,,,,,,
GS25,구미사곡센타점,편의점,"경상북도 구미시 상사서로27길 4, (사곡동)",36.1020801650928,128.356864045963,,,,,,
GS25,상도해피점,편의점,"경상북도 포항시 남구 중흥로61번길 16, (상도동)",36.0119684556931,129.347481688353,,,,,,
이디야,남율리점,프렌차이즈,"경상북도 칠곡군 석적읍 남율로5길 49-14, (남율리)",36.06813597911471,128.405446056658,,,,,,
GS25,안동금탑점,편의점,"경상북도 안동시 퇴계로 155, (신안동)",36.571203731089795,128.732041243313,,,,,,
이디야,구미구평점,프렌차이즈,"경상북도 구미시 인동43길 5-7, (구평동)",36.093822398875105,128.436405557165,,,,,,
GS25,봉화현동점,편의점,"경상북도 봉화군 소천면 청옥로 3, (현동리)",36.941300016350205,129.00137678755,,,,,,
GS25,영천타운점,편의점,"경상북도 영천시 중앙동3길 36, (문외동)",35.9744626319201,128.93255178443002,,,,,,
GS25,문경센타점,편의점,"경상북도 문경시 시청1길 25, 101동  (모전동, 관문파라다이스)",36.5864508929572,128.188602342992,,,,,,
이디야,포항법원점,프렌차이즈,"경상북도 포항시 북구 법원로 177, (양덕동)",36.0907275250758,129.387721233281,,,,,,
이디야,경주입실점,프렌차이즈,"경상북도 경주시 외동읍 산업로 2183, (구어리)",35.708202501420395,129.325232720256,,,,,,
GS25,경주장미점,편의점,"경상북도 경주시 동문로79번길 1, (성건동)",35.8515627797516,129.214009831641,,,,,,
이디야,안동송현점,프렌차이즈,"경상북도 안동시 송현길 154-19, (송현동, 삼성명가타운1차)",36.5734062418267,128.692218542309,,,,,,
GS25,선산이편한점,편의점,"경상북도 구미시 선산읍 선산향교길 14, (교리)",36.2511071197186,128.304952840409,,,,,,
GS25,충효제일점,편의점,"경상북도 경주시 충효2길 13, (충효동)",35.8418760251148,129.188569201047,,,,,,
GS25,장량점,편의점,"경상북도 포항시 북구 장량로 189, (양덕동)",36.082046378795496,129.401091451968,,,,,,
GS25,영천청통점,편의점,"경상북도 영천시 청통면 금송로 968, (치일리)",35.9911882568011,128.8232315751,,,,,,
GS25,영주부영점,편의점,"경상북도 영주시 대동로13번길 22, (가흥동)",36.8171195615344,128.603897952903,,,,,,
GS25,상모센터점,편의점,"경상북도 구미시 상사서로10길 21, (상모동)",36.0918747662543,128.357772921059,,,,,,
GS25,영천대로점,편의점,"경상북도 영천시 금호읍 금호로 492, (신월리)",35.95006901629579,128.906116593244,,,,,,
GS25,구미문성점,편의점,"경상북도 구미시 고아읍 들성로7길 21, (문성리, 문성경남아너스빌)",36.1633140080823,128.344537106502,,,,,,
GS25,황성강변점,편의점,"경상북도 경주시 용담로116번길 49-41, (황성동, 세잔베르체)",35.869079260038,129.209969609836,,,,,,
GS25,충효대우점,편의점,"경상북도 경주시 충효녹지길 142, (충효동)",35.8451007674305,129.175931533759,,,,,,
GS25,원평라이프점,편의점,"경상북도 구미시 구미중앙로35길 27, (원평동)",36.1250020952746,128.346980349337,,,,,,
버거킹,포항버스터미널점,프렌차이즈,"경상북도 포항시 남구 중흥로 96, (상도동)",36.0135236622951,129.351035705811,,,,,,
GS25,후포삼율점,편의점,"경상북도 울진군 후포면 후포삼율로 98, (삼율리)",36.6786914013756,129.4417520223,,,,,,
GS25,울진새마실점,편의점,"경상북도 울진군 울진읍 새마실로 13-3, (읍내리)",36.9977973621768,129.40297530049102,,,,,,
GS25,파밀리에점,편의점,"경상북도 경산시 장산로4길 7, (옥곡동)",35.814742432399896,128.727877933749,,,,,,
GS25,경주입실점,편의점,"경상북도 경주시 외동읍 입실로 18-1, (입실리)",35.7101312678854,129.32604925104,,,,,,
GS25,율곡스퀘어점,편의점,"경상북도 김천시 혁신3로 15, (율곡동)",36.117325337986706,128.18293088682898,,,,,,
GS25,용강스파점,편의점,"경상북도 경주시 승삼3길 3, (용강동)",35.8765068364361,129.230270346174,,,,,,
GS25,동국대원룸점,편의점,"경상북도 경주시 석장1길 5, (석장동)",35.8618469704384,129.18962019516198,,,,,,
GS25,도구리점,편의점,"경상북도 포항시 남구 동해면 일월로 98, (도구리)",35.98797593563221,129.443672106899,,,,,,
GS25,문덕타운점,편의점,"경상북도 포항시 남구 오천읍 문덕로23번길 7, (문덕리)",35.9607881020761,129.403979030643,,,,,,
GS25,구미1공단점,편의점,"경상북도 구미시 산호대로 116-37, (공단동)",36.093893616230396,128.389587012572,,,,,,
맥도날드,경주용강DT점,프렌차이즈,"경상북도 경주시 산업로 4364, (용강동)",35.8690253320419,129.225072227136,,,,,,
GS25,문덕파크점,편의점,"경상북도 포항시 남구 오천읍 철강로 669, C동  (문덕리, 센트럴파크)",35.9639186492316,129.399843986488,,,,,,
이디야,문경새재점,프렌차이즈,"경상북도 문경시 문경읍 새재로 908, (상초리)",36.75968033666779,128.077458776927,,,,,,
GS25,북영천IC점,편의점,"경상북도 영천시 천문로 927, (도림동)",36.0173207355206,128.92878526859502,,,,,,
GS25,울진연호로점,편의점,"경상북도 울진군 울진읍 읍내8길 45, (읍내리)",36.9950221856295,129.403721916169,,,,,,
GS25,오천두배점,편의점,"경상북도 포항시 남구 오천읍 원동로 98, (원리)",35.971850940654605,129.402811216004,,,,,,
GS25,안동경안점,편의점,"경상북도 안동시 황토마을2길 2, (송현동)",36.575668071295,128.684450798628,,,,,,
GS25,지곡애드빌점,편의점,"경상북도 포항시 남구 지곡로 257, 101동  (지곡동, 에드빌2차)",36.0290832097786,129.323996305283,,,,,,
GS25,포항득량점,편의점,"경상북도 포항시 북구 대이로 180, (득량동, 이동풀니스10차)",36.0308795069268,129.339160449501,,,,,,
버거킹,경북상주점,프렌차이즈,"경상북도 상주시 중앙로 186-1, (남성동)",36.4154569984263,128.158705579647,,,,,,
GS25,문경영품점,편의점,"경상북도 문경시 매봉4길 10-1, (모전동)",36.586387641665205,128.182925153877,,,,,,
GS25,포항대도점,편의점,"경상북도 포항시 남구 포스코대로 365, (대도동)",36.0168558194891,129.363195441558,,,,,,
GS25,선산이편한점,편의점,"경상북도 구미시 선산읍 선산향교길 16, (교리, E편한세상)",36.2528627722645,128.30567182566298,,,,,,
GS25,성주산단점,편의점,"경상북도 성주군 성주읍 성주산업단지로 57-2, (학산리)",35.93497035486379,128.289126880395,,,,,,
GS25,문덕파크점,편의점,"경상북도 포항시 남구 오천읍 철강로713번길 17, 1동  (문덕리, 센트럴파크아파트)",35.9641586150112,129.404759284183,,,,,,
GS25,칠곡지천점,편의점,"경상북도 칠곡군 지천면 신동로 132, (신리)",35.9567560277885,128.486866818165,,,,,,
GS25,원평광장점,편의점,"경상북도 구미시 원남로 90, (원평동)",36.1271853961204,128.330269741655,,,,,,
GS25,영천청솔점,편의점,"경상북도 영천시 청솔길 23-6, (망정동, 청솔)",35.9883033360496,128.95470584380502,,,,,,
GS25,문경시청점,편의점,"경상북도 문경시 당교로 209, (모전동)",36.5854549914718,128.185761436898,,,,,,
이디야,안동송현점,프렌차이즈,"경상북도 안동시 송현길 154-17, (송현동)",36.5735658557468,128.69266689471598,,,,,,
GS25,화령터미널점,편의점,"경상북도 상주시 화서면 화령남5길 9, (신봉리)",36.4437246018312,127.948740771136,,,,,,
GS25,건천터미널점,편의점,"경상북도 경주시 건천읍 내서로 1074, (천포리)",35.8521890956032,129.100312891225,,,,,,
스타벅스,미스리경산점,프렌차이즈,"경상북도 경산시 압량읍 압독2로2길 12, (신대리)",35.84149099414,128.761751565446,,,,,,
GS25,경산부영점,편의점,"경상북도 경산시 백자로10길 11, (사동, 경산사동사랑으로부영6차)",35.8092460642213,128.756796188106,,,,,,
GS25,상주희망점,편의점,"경상북도 상주시 북천로 71, (계산동)",36.4289488468228,128.1586326614,,,,,,
스타벅스,경산중방DT점,프렌차이즈,"경상북도 경산시 경안로 222, (중방동)",35.8273239066947,128.736913289353,,,,,,
GS25,시북삼현대점,편의점,"경상북도 칠곡군 북삼읍 안산2길 37-12, (숭오리)",36.0671981919287,128.33560280650102,,,,,,
GS25,안동병원점,편의점,"경상북도 안동시 앙실로 11, (수상동)",36.5467415564888,128.70109489593,,,,,,
GS25,경주스위첸점,편의점,"경상북도 경주시 용황로10길 42, (용강동, 용황케이씨씨스위첸)",35.8866228641704,129.230781217891,,,,,,
버거킹,대구대점,프렌차이즈,"경상북도 경산시 진량읍 대구대로 201, (내리리)",35.904527867719494,128.84282791143602,,,,,,
GS25,LGD구미A2점,편의점,"경상북도 구미시 3공단2로 235, (진평동)",36.1011850962551,128.405882325501,,,,,,
GS25,중리으뜸점,편의점,"경상북도 칠곡군 석적읍 동중리1길 12, (중리)",36.075843334987,128.413002021967,,,,,,
GS25,산동원룸점,편의점,"경상북도 구미시 산동면 산호대로41길 14-37, (봉산리)",36.139878532709396,128.441293967334,,,,,,
GS25,포항중앙로점,편의점,"경상북도 포항시 북구 중앙로 259, (죽도동)",36.036015434811794,129.364834914912,,,,,,
GS25,양덕삼구점,편의점,"경상북도 포항시 북구 천마로 123, (양덕동, 양덕삼구트리니엔3차)",36.088613432986705,129.395156653749,,,,,,
GS25,구평푸르지오점,편의점,"경상북도 구미시 인동36길 31, (구평동, 구미구평푸르지오)",36.0919494085223,128.433452436932,,,,,,
GS25,동명대로점,편의점,"경상북도 칠곡군 동명면 경북대로 150, (봉암리)",35.9746456551568,128.553717012037,,,,,,
GS25,청도사랑점,편의점,"경상북도 청도군 청도읍 고수구길 84, (고수리)",35.6430688727994,128.742030718319,,,,,,
GS25,경주중앙점,편의점,"경상북도 경주시 동성로 37, (성건동)",35.8436372083698,129.20449113152299,,,,,,
GS25,사곡중앙점,편의점,"경상북도 구미시 상사동로16길 19-6, (사곡동)",36.0967231048074,128.360993274267,,,,,,
이디야,안동상록점,프렌차이즈,"경상북도 안동시 풍천면 검무로 46, (갈전리)",36.5774448282771,128.496813357517,,,,,,
GS25,울진북면점,편의점,"경상북도 울진군 북면 장터길 109-3, (부구리)",37.1039619195291,129.37460125457199,,,,,,
GS25,영대센터점,편의점,"경상북도 경산시 청운1로 29, (조영동)",35.838966269119,128.753336970026,,,,,,
GS25,영대장원점,편의점,"경상북도 경산시 계양로35길 14, (계양동)",35.831032473478,128.747916078659,,,,,,
GS25,영천육거리점,편의점,"경상북도 영천시 장수로 6, (화룡동)",35.963441752997106,128.922987658046,,,,,,
GS25,청림북문점,편의점,"경상북도 포항시 남구 청림서길 5, (청림동)",35.9950841500349,129.412848874023,,,,,,
GS25,블루원콘도점,편의점,"경상북도 경주시 천군로 95-32, (천군동)",35.8252162629192,129.286981118766,,,,,,
GS25,김천대학점,편의점,"경상북도 김천시 대학로 214, (삼락동)",36.1394467313664,128.081844835004,,,,,,
GS25,포항영일대점,편의점,"경상북도 포항시 북구 중흥로126번길 7, (죽도동)",36.0156157767604,129.353323333151,,,,,,
GS25,포항해운센타점,편의점,"경상북도 포항시 남구 동해안로 6262, (동촌동)",35.9988397367235,129.389148333696,,,,,,
GS25,도량센타점,편의점,"경상북도 구미시 도봉로 78, (도량동)",36.139377988452104,128.317642607403,,,,,,
GS25,편의점,편의점,"경상북도 경산시 압량읍 압독2로 45, (신대리, 부영사랑으로1차)",35.8409664899817,128.76769086064698,,,,,,
GS25,풍산중앙점,편의점,"경상북도 안동시 풍산읍 풍산중앙길 134, (안교리)",36.5784358278894,128.575071186741,,,,,,
GS25,포항보경사점,편의점,"경상북도 포항시 북구 송라면 보경로 514, (중산리)",36.2501557182264,129.319683049718,,,,,,
이디야,안동상록점,프렌차이즈,"경상북도 안동시 풍천면 검무로 48, (갈전리)",36.5772910195325,128.496957632226,,,,,,
스타벅스,포항장성DT점,프렌차이즈,"경상북도 포항시 북구 새천년대로 1255, (장성동)",36.0744910631733,129.384294200035,,,,,,
GS25,포항해병로점,편의점,"경상북도 포항시 남구 해병로 109, (인덕동)",35.984458618631294,129.40517449908,,,,,,
GS25,화랑현대점,편의점,"경상북도 경주시 화랑로 110, (동부동)",35.844327802174604,129.212892237244,,,,,,
GS25,진량삼주점,편의점,"경상북도 경산시 진량읍 공단로 579, (봉회리)",35.8829552821852,128.817380918974,,,,,,
GS25,금잔디점,편의점,"경상북도 포항시 북구 양학천로 7-2, (용흥동)",36.0240694959113,129.353312578102,,,,,,
GS25,옥곡동화점,편의점,"경상북도 경산시 경산로 25, (옥곡동, 동화프라임빌)",35.812294835197704,128.73167320283,,,,,,
이디야,포항한동대점,프렌차이즈,"경상북도 포항시 북구 흥해읍 한동로 558, (남송리)",36.1023173223365,129.38926879212798,,,,,,
GS25,왜관오성점,편의점,"경상북도 칠곡군 왜관읍 구상길 157, (왜관리)",35.980908150688705,128.394431407868,,,,,,
GS25,경산공단점,편의점,"경상북도 경산시 진량읍 공단9로 75, (신제리)",35.8639095732686,128.834580398762,,,,,,
GS25,대도상공로점,편의점,"경상북도 포항시 남구 상공로 175-1, (대도동)",36.0220561700503,129.364760531328,,,,,,
GS25,예천으뜸점,편의점,"경상북도 예천군 예천읍 효자로 171-3, (백전리)",36.66112484881371,128.46034737876002,,,,,,
GS25,포항냉천로점,편의점,"경상북도 포항시 남구 오천읍 냉천로 430, (문덕리)",35.9566802525939,129.406134380375,,,,,,
GS25,포항으뜸점,편의점,"경상북도 포항시 북구 중흥로322번길 20, (죽도동)",36.029260082588294,129.365284215295,,,,,,
GS25,광평푸르지오점,편의점,"경상북도 구미시 구미대로 186-20, (광평동, 광평푸르지오1차)",36.102462000246796,128.364751237237,,,,,,
이디야,경주안강점,프렌차이즈,"경상북도 경주시 안강읍 안강중앙로 184, (양월리)",35.992620698821796,129.220149045422,,,,,,
GS25,필로스점,편의점,"경상북도 포항시 북구 죽파로 20, (죽도동)",36.028903299571205,129.35860993462,,,,,,
GS25,김천문화점,편의점,"경상북도 김천시 문화1길 39-3, (평화동)",36.1272582177629,128.108306937242,,,,,,
GS25,옥동센타점,편의점,"경상북도 안동시 복주2길 72, (옥동)",36.563612495571704,128.70105739231002,,,,,,
GS25,강구오포점,편의점,"경상북도 영덕군 강구면 신강구길 1, (오포리)",36.3572030830881,129.380827646406,,,,,,
GS25,성주대로점,편의점,"경상북도 성주군 성주읍 성주로 3289, (성산리)",35.91832039181921,128.293864141337,,,,,,
GS25,칠곡지천점,편의점,"경상북도 칠곡군 지천면 신동로 132, (신리)",35.956801002431604,128.48688926576298,,,,,,
GS25,영천중앙점,편의점,"경상북도 영천시 야사1길 3, (야사동)",35.9742868373944,128.945799767003,,,,,,
GS25,포항인덕점,편의점,"경상북도 포항시 남구 인덕로 65, (인덕동)",35.9909870589983,129.396385272486,,,,,,
GS25,경주원화점,편의점,"경상북도 경주시 원화로 309, (성동동)",35.8483328391071,129.217015924246,,,,,,
GS25,동천원룸점,편의점,"경상북도 경주시 동천로 36, (동천동)",35.8509202980102,129.226686691365,,,,,,
GS25,경주현곡점,편의점,"경상북도 경주시 현곡면 안현로 8, (금장리)",35.868259622679204,129.202737677335,,,,,,
GS25,진량대원점,편의점,"경상북도 경산시 진량읍 공단5로4길 57, (대원리)",35.8584782338098,128.820982581834,,,,,,
탐앤탐스,칠곡휴게소하행점,프렌차이즈,"경상북도 칠곡군 왜관읍 아곡4길 20-1, (아곡리)",36.01825115288929,128.428111508113,,,,,,
GS25,포항쌍용점,편의점,"경상북도 포항시 북구 중흥로126번길 7, (죽도동)",36.0155980058146,129.353300842928,,,,,,
버거킹,경산하양오일뱅크점,프렌차이즈,"경상북도 경산시 하양읍 대경로 559, (부호리)",35.9020419120369,128.805823431642,,,,,,
이디야,경주안강점,프렌차이즈,"경상북도 경주시 안강읍 안강중앙로 184, (양월리)",35.9924672838966,129.22016886291001,,,,,,
GS25,영주호텔점,편의점,"경상북도 영주시 대학로240번길 16, (가흥동)",36.8167196943283,128.60632705549298,,,,,,
GS25,김천직지사점,편의점,"경상북도 김천시 대항면 황학동길 3-6, (향천리)",36.1144715866644,128.016137041653,,,,,,
GS25,후포터미널점,편의점,"경상북도 울진군 후포면 상밤터1길 15, (삼율리)",36.6828639176619,129.44172920995,,,,,,
GS25,옥산포스코점,편의점,"경상북도 경산시 성암로9길 34, (옥산동)",35.8255639338008,128.720960011247,,,,,,
GS25,문경희망점,편의점,"경상북도 문경시 돈달로 171, (흥덕동)",36.6042818384853,128.202226821352,,,,,,
GS25,광평푸르지오점,편의점,"경상북도 구미시 구미대로 186-22, (광평동)",36.1033167990448,128.365221657342,,,,,,
GS25,포항금호점,편의점,"경상북도 포항시 북구 우창동로158번길 4, (창포동)",36.062107296209,129.36551853466003,,,,,,
GS25,하양코아루점,편의점,"경상북도 경산시 하양읍 하양로37길 19, (동서리, 하양코아루2차)",35.9190302939453,128.827203410664,,,,,,
GS25,포항산호점,편의점,"경상북도 포항시 북구 삼호로203번길 6, (두호동)",36.056953145357,129.376472955623,,,,,,
GS25,시봉곡도서관점,편의점,"경상북도 구미시 봉곡남로7길 38, (봉곡동)",36.1527658733053,128.309339314144,,,,,,
GS25,두호아이파크점,편의점,"경상북도 포항시 북구 대곡로 20, (두호동)",36.064839188092996,129.374090611684,,,,,,
GS25,인의푸르지오점,편의점,"경상북도 구미시 인동35길 33, (인의동, 진평대우)",36.0980662677657,128.43426342161,,,,,,
GS25,옥산우방점,편의점,"경상북도 경산시 성암로 25, (옥산동)",35.8226307596616,128.72010346442102,,,,,,
GS25,김천어모점,편의점,"경상북도 김천시 어모면 어모로 251, (중왕리)",36.179019412024395,128.117972227092,,,,,,
GS25,칠곡본점,편의점,"경상북도 칠곡군 석적읍 강변대로 1555, (중지리)",36.015622963457396,128.400983387091,,,,,,
GS25,칠곡북중리점,편의점,"경상북도 칠곡군 석적읍 북중리10길 15, (중리)",36.077306660873,128.412065941112,,,,,,
GS25,오천신화점,편의점,"경상북도 포항시 남구 오천읍 철강로731번길 19, (문덕리)",35.96393168267571,129.407205244126,,,,,,
GS25,호산대정문점,편의점,"경상북도 경산시 하양읍 대경로105길 22-8, (부호리)",35.9019187195287,128.801335621872,,,,,,
GS25,상방점,편의점,"경상북도 경산시 경안로 25, (상방동)",35.8100706160722,128.740173013151,,,,,,
GS25,한동대학사점,편의점,"경상북도 포항시 북구 흥해읍 한동로 558, (남송리)",36.1023173223365,129.38926879212798,,,,,,
GS25,옥계희망점,편의점,"경상북도 구미시 산호대로25안길 1, (옥계동)",36.1399230834012,128.416259922939,,,,,,
GS25,편의점,편의점,"경상북도 경주시 양정로 324, (용강동)",35.86172742327629,129.22395236863997,,,,,,
GS25,안동의료원점,편의점,"경상북도 안동시 태사2길 55, (북문동)",36.5682109966645,128.73215824242502,,,,,,
GS25,고령문화원점,편의점,"경상북도 고령군 대가야읍 월기길 1, (지산리)",35.724503703351296,128.263294894918,,,,,,
GS25,문희로점,편의점,"경상북도 문경시 문경읍 문희로 5, (하리)",36.732908748403794,128.10806543612802,,,,,,
GS25,경주백률점,편의점,"경상북도 경주시 동천로 91, (동천동)",35.8559609069965,129.22644328138398,,,,,,
GS25,구어공단점,편의점,"경상북도 경주시 외동읍 구어2산단로 149, (구어리)",35.6979595620149,129.302512078071,,,,,,
GS25,경산역전점,편의점,"경상북도 경산시 경산로 160, (옥산동)",35.8229374752055,128.727543263205,,,,,,
이디야,구미금오산점,프렌차이즈,"경상북도 구미시 금오산로 180, (남통동)",36.1239817617043,128.325157140327,,,,,,
스타벅스,경산중방DT점,프렌차이즈,"경상북도 경산시 중앙로16길 1, (중방동)",35.823066936246,128.735888976607,,,,,,
GS25,옥곡대로점,편의점,"경상북도 경산시 경산로16길 2, (옥곡동)",35.816010500278004,128.731308913952,,,,,,
GS25,봉곡이편한점,편의점,"경상북도 구미시 봉곡로24길 33-11, (봉곡동, E편한세상봉곡)",36.1570262628139,128.313846101084,,,,,,
GS25,문경모전로점,편의점,"경상북도 문경시 모전로 105, (모전동)",36.590478334296996,128.189260341201,,,,,,
GS25,포항양덕법원점,편의점,"경상북도 포항시 북구 법원로 161, (양덕동)",36.0892716984201,129.387362535067,,,,,,
GS25,울진봉평점,편의점,"경상북도 울진군 죽변면 울진북로 1183, (봉평리)",37.0444575831245,129.411927236042,,,,,,
버거킹,한동대점,프렌차이즈,"경상북도 포항시 북구 흥해읍 한동로 558, (남송리)",36.1023173223365,129.38926879212798,,,,,,
GS25,예천현대점,편의점,"경상북도 예천군 호명면 새움3로 7, (산합리, 아이파크)",36.5759342438484,128.48723903085101,,,,,,
이디야,김천혁신도시점,프렌차이즈,"경상북도 김천시 혁신3로 26, (율곡동)",36.116543120924796,128.18167383236602,,,,,,
GS25,왜관다숲점,편의점,"경상북도 칠곡군 왜관읍 평장3길 31, (왜관리)",35.985997206741,128.406245326791,,,,,,
GS25,강구용진점,편의점,"경상북도 영덕군 강구면 강구시장길 50, (오포리)",36.3603553811947,129.377083943787,,,,,,
GS25,경주두산위브점,편의점,"경상북도 경주시 진현로 23, (진현동, 경주두산위브)",35.7824310688395,129.322846869253,,,,,,
이디야,영덕영해점,프렌차이즈,"경상북도 영덕군 영해면 318만세길 148-1, (성내리)",36.5392360889721,129.409642621664,,,,,,
GS25,창포2주공점,편의점,"경상북도 포항시 북구 새천년대로1123번길 9, (창포동, 주공1단지)",36.0679246296852,129.371446850942,,,,,,
GS25,울진후포광장점,편의점,"경상북도 울진군 후포면 후포4길 78, (후포리)",36.6825331951804,129.45778920563,,,,,,
GS25,포항학잠보성점,편의점,"경상북도 포항시 북구 양학로 70-21, (학잠동)",36.0301423028062,129.34784664469802,,,,,,
GS25,오천중앙점,편의점,"경상북도 포항시 남구 오천읍 해병로 389-23, (문덕리)",35.9603538621455,129.410267839272,,,,,,
GS25,포항대해점,편의점,"경상북도 포항시 남구 중앙로121번길 3, (해도동, 풀니스8차)",36.024097009225294,129.367569321184,,,,,,
GS25,포항성모점,편의점,"경상북도 포항시 남구 대잠동길 2, (대잠동)",36.0136549344349,129.338525117459,,,,,,
GS25,경주탈해점,편의점,"경상북도 경주시 탈해로 54, (동천동)",35.8504225202989,129.229535161274,,,,,,
GS25,포항도뮤토점,편의점,"경상북도 포항시 북구 득량길 12, (득량동)",36.028766712998,129.345948145814,,,,,,
GS25,하양청구점,편의점,"경상북도 경산시 하양읍 동서2길 43, (동서리)",35.9174492500712,128.823818606368,,,,,,
버거킹,안동옥동점,프렌차이즈,"경상북도 안동시 경북대로 381, (옥동)",36.5636704504689,128.70192931365,,,,,,
GS25,효자제일점,편의점,"경상북도 포항시 남구 효성로 89, (효자동)",36.005882881420796,129.343662352692,,,,,,
이마트24,24경주안강삼도점,편의점,"경상북도 경주시 안강읍 구부랑4길 14, (산대리)",36.002288918909706,129.195308779718,,,,,,
GS25,영대둥지점,편의점,"경상북도 경산시 둥지로 88, (임당동)",35.8432328489224,128.748473388755,,,,,,
GS25,포항지곡점,편의점,"경상북도 포항시 남구 지곡로127번길 30, (지곡동)",36.0192473626987,129.324297679863,,,,,,
GS25,포항용두산길점,편의점,"경상북도 포항시 북구 용두산길 28, (두호동)",36.0662868974371,129.381430871594,,,,,,
GS25,하양허니점,편의점,"경상북도 경산시 하양읍 대경로 653, (금락리)",35.907996848625395,128.812907744648,,,,,,
이마트24,포항월포해변점,편의점,"경상북도 포항시 북구 청하면 월포로 147, (월포리)",36.203709848354706,129.368407825266,,,,,,
GS25,구미하늘채점,편의점,"경상북도 구미시 비산로3길 33-24, (비산동)",36.1226827055632,128.374920728064,,,,,,
GS25,용강삼거리점,편의점,"경상북도 경주시 유림로13번길 150, (용강동)",35.8781860982045,129.22557871986,,,,,,
GS25,포항현대점,편의점,"경상북도 포항시 남구 중앙로121번길 56, (대도동)",36.0268702367784,129.363046213423,,,,,,
GS25,구미중흥점,편의점,"경상북도 구미시 해마루공원로 80, (옥계동, 중흥S클래스아파트)",36.1406418452554,128.429664359072,,,,,,
GS25,영덕우곡점,편의점,"경상북도 영덕군 영덕읍 영덕로 127, (우곡리)",36.4062570719003,129.375128801837,,,,,,
GS25,구미점보점,편의점,"경상북도 구미시 고아읍 문장로22길 20, (원호리, 원호점보타운)",36.1510348714605,128.333059084629,,,,,,
GS25,안동옥서점,편의점,"경상북도 안동시 옥서1길 90, (옥동, 옥동휴먼시아8단지)",36.561654394349496,128.692225404268,,,,,,
GS25,김천지좌점,편의점,"경상북도 김천시 지좌길 1, (지좌동)",36.1193522855472,128.144010632676,,,,,,
GS25,영주리첼점,편의점,"경상북도 영주시 대동로 26, (가흥동)",36.814896653078705,128.60507977216102,,,,,,
GS25,영천휴플러스점,편의점,"경상북도 영천시 망정1길 171, (야사동, 한신더휴영천퍼스트)",35.9825972602922,128.94914802222002,,,,,,
이마트24,포항장량점,편의점,"경상북도 포항시 북구 장량로17번길 19, (장성동)",36.084340353057705,129.382046455754,,,,,,
GS25,고령문화원점,편의점,"경상북도 고령군 대가야읍 월기길 1, (지산리)",35.72452192378061,128.263206525886,,,,,,
GS25,구미구포점,편의점,"경상북도 구미시 흥안로 43, (옥계동, 옥계동화타운아파트)",36.146792845250204,128.413095812022,,,,,,
GS25,포항우방점,편의점,"경상북도 포항시 북구 새천년대로1020번길 12, (두호동, 우방신천지)",36.058552032257204,129.373792600702,,,,,,
GS25,시뉴영덕터미널점,편의점,"경상북도 영덕군 영덕읍 군청길 61, (덕곡리)",36.414154441135395,129.372514059555,,,,,,
이디야,경산홈플러스점,프렌차이즈,"경상북도 경산시 경안로 288, (중방동)",35.832838658884704,128.735658208234,,,,,,
이마트24,김천신음점,편의점,"경상북도 김천시 신양4길 72, (신음동)",36.1334061605423,128.116737300343,,,,,,
이디야,칠곡신천점,프렌차이즈,"경상북도 칠곡군 석적읍 석적로 939, (남율리)",36.0740253106329,128.393474723373,,,,,,
GS25,영천무궁화점,편의점,"경상북도 영천시 충효로 97, (문외동, 무궁화아파트)",35.9746469694084,128.938962794746,,,,,,
이마트24,포항양덕점,편의점,"경상북도 포항시 북구 양덕로50번길 14, (양덕동)",36.0829283662311,129.403505259947,,,,,,
이마트24,구미선기점,편의점,"경상북도 구미시 송선로 359, (선기동)",36.13933905748579,128.308397682662,,,,,,
이디야,안동홈플러스점,프렌차이즈,"경상북도 안동시 경동로 656, (운흥동)",36.56256733582929,128.729557863271,,,,,,
GS25,구미원호점,편의점,경상북도 구미시 고아읍 문장로23길 6-15,36.1514510480925,128.329226789551,,,,,,
스타벅스,포항쌍용DT점,프렌차이즈,"경상북도 포항시 남구 중흥로 122, (상도동)",36.0153965174146,129.352787112462,,,,,,
이디야,경주알천점,프렌차이즈,"경상북도 경주시 탈해로52번길 15, (동천동)",35.8495737028435,129.230573723892,,,,,,
GS25,칠곡금오대로점,편의점,"경상북도 칠곡군 북삼읍 금오대로 77, (율리)",36.052571331245204,128.34467541575,,,,,,
GS25,북영천아이씨점,편의점,"경상북도 영천시 천문로 921, (도림동)",36.0168094584927,128.928468641165,,,,,,
이마트24,구미금오시장점,편의점,"경상북도 구미시 구미중앙로35길 28, (원평동)",36.1248657761463,128.347368580148,,,,,,
이마트24,영천대로점,편의점,"경상북도 영천시 금호읍 원제1길 3, (원제리)",35.9408373048945,128.898053415719,,,,,,
GS25,영덕중앙점,편의점,"경상북도 영덕군 영덕읍 중앙길 88-1, (남석리)",36.4107808599683,129.37043671228201,,,,,,
GS25,나래원,편의점,"경상북도 칠곡군 석적읍 남율로9길 13, (남율리)",36.067269474507604,128.400457116675,,,,,,
이마트24,포항아이너스점,편의점,"경상북도 포항시 남구 연일읍 연일로 160-7, (생지리, 아이너스뷰)",35.9968936903352,129.343199311184,,,,,,
GS25,포항장성점,편의점,"경상북도 포항시 북구 장량로113번길 30, (장성동, 장성현대)",36.084659853032,129.394143046167,,,,,,
GS25,용강에버빌점,편의점,"경상북도 경주시 현진앞2길 6, (황성동)",35.884476134995204,129.223892549389,,,,,,
이마트24,상주경상대로점,편의점,"경상북도 상주시 경상대로 3024, (무양동)",36.4168814317956,128.151415762815,,,,,,
이마트24,경주충효흥무점,편의점,"경상북도 경주시 충효중앙길 29, (충효동)",35.8421671975946,129.187378071265,,,,,,
나들가게,강변희망마트,편의점,"경상북도 영주시 대동로 95, (가흥동, 현대강변2차)",36.814449056076896,128.613291833071,,,,,,
이마트24,경일대정문점,편의점,"경상북도 경산시 하양읍 대경로105길 44, (부호리)",35.9037992172563,128.800468323135,,,,,,
이디야,청도점,프렌차이즈,"경상북도 청도군 청도읍 고수서2길 1, (고수리)",35.6444882584247,128.74133713253,,,,,,
GS25,김천천년나무점,편의점,"경상북도 김천시 용전3로 10, (율곡동, 경북혁신엘에이치천년나무3단지)",36.1207547586029,128.191592684965,,,,,,
GS25,LGD나래원점,편의점,"경상북도 칠곡군 석적읍 동중리9길 13, (중리)",36.078075503738,128.416488880951,,,,,,
버거킹,경산진량디티점,프렌차이즈,"경상북도 경산시 진량읍 다문로 53, (신상리)",35.8752712105164,128.816781493363,,,,,,
GS25,포항상도중앙점,편의점,"경상북도 포항시 남구 상공로92번길 14-6, (대도동)",36.0151666585406,129.36035979089598,,,,,,
탐앤탐스,칠곡휴게소상행점,프렌차이즈,"경상북도 칠곡군 왜관읍 경부고속도로 158, (아곡리)",36.0134382231491,128.430614858706,,,,,,
GS25,성주초전점,편의점,"경상북도 성주군 초전면 대장길 82-1, (대장리)",35.9721620744316,128.264281081768,,,,,,
GS25,포항장량원룸점,편의점,"경상북도 포항시 북구 법원로98번길 39, (장성동)",36.083212614808104,129.389942900862,,,,,,
GS25,옥계타운점,편의점,"경상북도 구미시 산호대로33길 6-1, (옥계동)",36.1369402578796,128.423844175231,,,,,,
버거킹,구미신평점,프렌차이즈,"경상북도 구미시 칠성로6길 56, (신평동)",36.1232079573554,128.362392040471,,,,,,
GS25,경산이안점,편의점,"경상북도 경산시 진량읍 일연로 747, (선화리, 이안경산진량아파트)",35.874596392562,128.803241995538,,,,,,
GS25,구미파크점,편의점,"경상북도 구미시 송동로 154, (도량동, 도량파크맨션)",36.149370284070294,128.325484155949,,,,,,
이마트24,구미광평점,편의점,"경상북도 구미시 구미대로 216, (광평동)",36.105935857197,128.363478908998,,,,,,
이마트24,경주구어블루점,편의점,"경상북도 경주시 외동읍 구어2산단로 73-5, (구어리)",35.70441739165479,129.298749633054,,,,,,
이마트24,상주낙양중앙점,편의점,"경상북도 상주시 경상대로 2943, (낙양동)",36.4100053463553,128.151034470225,,,,,,
GS25,옥계센타점,편의점,"경상북도 구미시 산호대로24길 9-12, (옥계동)",36.136342143042,128.414474354743,,,,,,
이마트24,에스포항병원점,편의점,"경상북도 포항시 남구 희망대로 352, (이동)",36.0348410705771,129.331415990068,,,,,,
이마트24,구미인동중앙점,편의점,"경상북도 구미시 인동중앙로12길 13, (인의동)",36.109116504422005,128.424094509041,,,,,,
GS25,경주삼보점,편의점,"경상북도 경주시 용담로54번길 15, (황성동, 삼보타운)",35.86368608345229,129.215678368122,,,,,,
이마트24,구미형곡금성점,편의점,"경상북도 구미시 새마을로 18-3, (형곡동, 아진금성뉴타운)",36.111139581249205,128.34091020196698,,,,,,
버거킹,구미도량G7지점,프렌차이즈,경상북도 구미시 야은로 320,36.138178869742205,128.317793333108,,,,,,
이마트24,경산옥산중앙점,편의점,"경상북도 경산시 대학로8길 53, (정평동)",35.83001523053429,128.728637183377,,,,,,
나들가게,용마점,편의점,"경상북도 안동시 남선면 샘들윗길 58, (이천리, 용마)",36.53300324562,128.796440272305,,,,,,
이마트24,봉곡우체국점,편의점,"경상북도 구미시 봉곡로 147, (봉곡동)",36.1518438635123,128.310380340236,,,,,,
이디야,충효서라벌점,프렌차이즈,"경상북도 경주시 충효녹지길 58-2, (충효동)",35.8424457363044,129.184725604175,,,,,,
GS25,구미태왕점,편의점,"경상북도 구미시 송정대로 77, (송정동)",36.1181233117671,128.347638811202,,,,,,
버거킹,구미시청FS점,프렌차이즈,"경상북도 구미시 송정대로 40, (송정동)",36.1174427064174,128.342992498842,,,,,,
GS25,신도시점,편의점,"경상북도 예천군 호명면 양지2길 4, (산합리)",36.577594289123795,128.480131686376,,,,,,
나들가게,시영마트,편의점,"경상북도 영주시 창진로 63, (가흥동, 시영아파트)",36.8359669393395,128.61022350907498,,,,,,
GS25,포항천마로점,편의점,"경상북도 포항시 북구 천마로45번길 21, (장성동)",36.080492151624,129.394491345755,,,,,,
이디야,경주보문지티랜드점,프렌차이즈,"경상북도 경주시 엑스포로 58, (신평동)",35.836030537346794,129.291273140653,,,,,,
탐앤탐스,안동신도청점,프렌차이즈,"경상북도 안동시 풍천면 호수공원2길 12, (갈전리)",36.5689523850587,128.501820173268,,,,,,
GS25,경산공원점,편의점,"경상북도 경산시 백자로 65, (사동)",35.812026936026605,128.754598414215,,,,,,
GS25,영일대스타점,편의점,"경상북도 포항시 북구 삼호로 170, (항구동)",36.0536949169274,129.376105455398,,,,,,
GS25,영주리첼점,편의점,"경상북도 영주시 대학로 211, (가흥동)",36.8143907579717,128.605322370064,,,,,,
GS25,옥계센터점,편의점,"경상북도 구미시 인동20길 24, (진평동)",36.096765818468704,128.424927681849,,,,,,
GS25,포항용흥우방점,편의점,"경상북도 포항시 북구 대안길 57, (용흥동)",36.041242960942,129.35127608583701,,,,,,
버거킹,경북영주가흥점,프렌차이즈,"경상북도 영주시 대동로 24, (가흥동)",36.8148610635086,128.604989826251,,,,,,
GS25,경주삼익점,편의점,"경상북도 경주시 유림로33번길 10, (황성동, 삼익세라믹)",35.87122734452971,129.21591536578998,,,,,,
이마트24,비산파라디아점,편의점,"경상북도 구미시 수출대로3길 118, (공단동, 강변파라디아)",36.1212109164695,128.37289190674102,,,,,,
GS25,왜관중앙로점,편의점,"경상북도 칠곡군 왜관읍 중앙로 67, (왜관리)",35.980858652111,128.398500901819,,,,,,
이디야,경산사동점,프렌차이즈,"경상북도 경산시 백자로 117, (사동)",35.815773767905995,128.757887265615,,,,,,
이마트24,안동갈전점,편의점,"경상북도 안동시 풍천면 풍요3길 48-13, (갈전리)",36.57663707531621,128.49817138104999,,,,,,
이마트24,칠곡학하점,편의점,"경상북도 칠곡군 가산면 학신로 161, (학하리)",36.11215604443429,128.487490884185,,,,,,
이디야,경주황성휴포레점,프렌차이즈,경상북도 경주시 유림로13번길 19,35.87282045610979,129.21434513413,,,,,,
이디야,포항화진점,프렌차이즈,"경상북도 포항시 북구 송라면 동해대로3378번길 2, (지경리)",36.2642545360599,129.374537847672,,,,,,
이디야,경주용강동점,프렌차이즈,"경상북도 경주시 승삼북길 27, (용강동)",35.8782390932384,129.230972657,,,,,,
이마트24,칠곡석적점,편의점,"경상북도 칠곡군 석적읍 장곡길 159, (중리)",36.0752427614869,128.41204407223898,,,,,,
이마트24,구미봉곡제일점,편의점,"경상북도 구미시 봉곡남로7길 7, (봉곡동)",36.1500723032519,128.308839764188,,,,,,
이마트24,포항양덕남로점,편의점,"경상북도 포항시 북구 양덕남로 89, (양덕동)",36.078842952845896,129.402211426333,,,,,,
이마트24,포항법원로점,편의점,"경상북도 포항시 북구 법원로51번길 26, (장성동)",36.079557530775,129.382595566126,,,,,,
GS25,경주두산위브점,편의점,"경상북도 경주시 영불로 191, (진현동)",35.7805465327563,129.322926250262,,,,,,
GS25,경주구어점,편의점,"경상북도 경주시 외동읍 산업로 2031, (구어리)",35.6951540983589,129.330751041731,,,,,,
스타벅스,구미상모DT점,프렌차이즈,"경상북도 구미시 금오대로 439, (상모동)",36.082252958527704,128.356408016529,,,,,,
GS25,구미산호점,편의점,"경상북도 구미시 산호대로27길 17, (옥계동)",36.138604674515705,128.41698630880398,,,,,,
이마트24,포항청하점,편의점,"경상북도 포항시 북구 청하면 동해대로 2436, (미남리)",36.1855153757835,129.345267800165,,,,,,
나들가게,새천년슈퍼,편의점,"경상북도 경주시 포석로 967, (황남동)",35.827335819830104,129.209601233522,,,,,,
이디야,경주동문로점,프렌차이즈,"경상북도 경주시 동문로 91, (성건동)",35.8526981007165,129.21403820995002,,,,,,
GS25,하양공단점,편의점,"경상북도 경산시 하양읍 지식산업로 140, (대학리)",35.933135685479705,128.82719517857402,,,,,,
스타벅스,경주보문점,프렌차이즈,"경상북도 경주시 보문로 535, (천군동)",35.8366024203234,129.285006684039,,,,,,
이디야,청도프로방스점,프렌차이즈,"경상북도 청도군 화양읍 이슬미로 321, (삼신리)",35.6885482296349,128.71715081224198,,,,,,
GS25,덕구콘도점,편의점,"경상북도 울진군 북면 덕구온천로 921, (덕구리)",37.0786539988311,129.280935009065,,,,,,
이마트24,영천미소지움점,편의점,"경상북도 영천시 완산5길 25, (완산동, 영천완산미소지움1차)",35.9674606209864,128.941660523837,,,,,,
이마트24,경주원곡점,편의점,"경상북도 경주시 현곡면 안현로 19-11, (금장리, 금성로얄)",35.8688847331342,129.202414937143,,,,,,
나들가게,필마트,편의점,"경상북도 포항시 남구 연일읍 동문로 21, (오천리)",35.9919791921145,129.35146667163,,,,,,
나들가게,한솔마트,편의점,"경상북도 포항시 남구 연일읍 연일로 142, (생지리, 연일삼도한솔타운1차)",35.9988354597564,129.34283296978,,,,,,
나들가게,연일종합마트,편의점,"경상북도 포항시 남구 연일읍 연일중앙로 67, (오천리)",35.997050700285,129.351686284592,,,,,,
이마트24,안동옥동점,편의점,"경상북도 안동시 경북대로 423, (옥동)",36.5665278201801,128.698771095034,,,,,,
이마트24,경주동천점,편의점,"경상북도 경주시 알천북로249번길 29, (동천동)",35.8494402591051,129.227759841098,,,,,,
GS25,경주동천스타점,편의점,"경상북도 경주시 대안길 21, (동천동)",35.851879056679294,129.222815712015,,,,,,
이마트24,구미인의중앙점,편의점,"경상북도 구미시 인동35길 13-4, (인의동)",36.0956278258476,128.433139476371,,,,,,
나들가게,진달래마트,편의점,"경상북도 포항시 남구 해병로109번길 10, (인덕동)",35.9845016398725,129.406117806582,,,,,,
이디야,울진군청점,프렌차이즈,"경상북도 울진군 울진읍 읍내8길 5, (읍내리)",36.9948755712429,129.40164096323699,,,,,,
나들가게,태인홈마트,편의점,"경상북도 김천시 용암로 30-1, (용두동)",36.122137011731205,128.128407408853,,,,,,
나들가게,창포보성마트,편의점,"경상북도 포항시 북구 새천년대로1123번길 28, (장성동, 보성)",36.0700781322236,129.36911976277202,,,,,,
나들가게,한양유통할인마트,편의점,"경상북도 구미시 신시로10길 74, (송정동)",36.1158815305693,128.346795816856,,,,,,
이마트24,포항장성중앙점,편의점,"경상북도 포항시 북구 법원로11번길 14-1, (장성동)",36.0762254588481,129.38472425943598,,,,,,
이마트24,포항동빈점,편의점,"경상북도 포항시 북구 문화로 38, (동빈2가)",36.0425279299082,129.369086474582,,,,,,
이마트24,상주복룡점,편의점,"경상북도 상주시 삼백로 255, (복룡동)",36.4192691656735,128.171827240231,,,,,,
이마트24,김천덕곡에이스점,편의점,"경상북도 김천시 무실7길 38, (덕곡동, 주공)",36.113018289583,128.156673103121,,,,,,
이마트24,R구미금오산로점,편의점,"경상북도 구미시 금오산로 150, (원평동)",36.1244055297613,128.328402829783,,,,,,
이마트24,경주시청점,편의점,"경상북도 경주시 양정로 249, (동천동)",35.8550037315602,129.22397078966802,,,,,,
나들가게,대림마트,편의점,"경상북도 포항시 남구 연일읍 유강길9번길 62, (유강리, 대림한숲타운1차)",36.0065516526804,129.31421345607401,,,,,,
나들가게,그린마트,편의점,"경상북도 포항시 북구 삼호로 177, (항구동)",36.0544167750258,129.376029234041,,,,,,
이마트24,신라부티크호텔점,편의점,"경상북도 경주시 강변로 200, (노서동)",35.8414185204873,129.201944904993,,,,,,
이마트24,CM스포츠타운점,편의점,"경상북도 경주시 광중길 97-1, (용강동)",35.8862039963009,129.225912688395,,,,,,
이마트24,예천호반2차점,편의점,"경상북도 예천군 호명면 양지로 14, (산합리, 경북도청신도시호반베르디움2차)",36.576130248592,128.481139428376,,,,,,
버거킹,포항철강단지SK점,프렌차이즈,"경상북도 포항시 남구 대송로 290, (동촌동)",36.002216698287604,129.381576773208,,,,,,
나들가게,동남편의점,편의점,"경상북도 안동시 경동로 874, (용상동)",36.5589074153989,128.751485740437,,,,,,
GS25,진평센터점,편의점,"경상북도 구미시 인동32길 47, (진평동)",36.09108038864,128.429494407592,,,,,,
GS25,상주함창점,편의점,"경상북도 상주시 함창읍 가야로 14, (구향리)",36.5685445925471,128.176090072643,,,,,,
이마트24,구미확장단지점,편의점,"경상북도 구미시 산동면 신당1로3길 3, (신당리)",36.154381058792296,128.431172946255,,,,,,
이마트24,구미진평1호점,편의점,"경상북도 구미시 인동28길 19-10, (진평동)",36.09391437734,128.42839932048702,,,,,,
이마트24,구평부영점,편의점,"경상북도 구미시 인동43길 22-42, (구평동, 부영2차)",36.0936380180893,128.442445665268,,,,,,
탐앤탐스,경산휴게소,프렌차이즈,"경상북도 경산시 진량읍 대학로 1089, (신상리)",35.8782182321508,128.807486915394,,,,,,
이마트24,경주동대로점,편의점,"경상북도 경주시 동대로 24, (성건동)",35.855768670249,129.20446426787902,,,,,,
이마트24,경주외동점,편의점,"경상북도 경주시 외동읍 입실로 38-1, (입실리)",35.7118306064574,129.325602210602,,,,,,
이마트24,경주한마음점,편의점,"경상북도 경주시 금성로372번길 14, (성건동)",35.8511059240691,129.208368025412,,,,,,
이마트24,경산펜타힐즈점,편의점,"경상북도 경산시 펜타힐즈2로 40, (중산동, 펜타힐즈더샵2차)",35.8269348672232,128.719301207477,,,,,,
GS25,진량신상대로점,편의점,"경상북도 경산시 진량읍 다문로 57, (신상리)",35.8752037548469,128.817423104319,,,,,,
GS25,영대조영점,편의점,"경상북도 경산시 대학로67길 20, (조영동)",35.840870253531,128.755856672792,,,,,,
GS25,구미대후문점,편의점,"경상북도 구미시 부곡1길 39, (부곡동)",36.1512616256505,128.290996651028,,,,,,
GS25,구미형곡서로점,편의점,"경상북도 구미시 형곡서로 33-3, (형곡동)",36.1051006933707,128.33458662914498,,,,,,
GS25,김천부곡센타점,편의점,"경상북도 김천시 문지왈길 9, (부곡동)",36.1234614973193,128.08917149399,,,,,,
GS25,성건한빛점,편의점,"경상북도 경주시 한빛길20번길 11, (성건동)",35.8513487557183,129.204829164074,,,,,,
이마트24,문경점촌점,편의점,"경상북도 문경시 중앙로 116-1, (점촌동)",36.5953551091348,128.199610565283,,,,,,
이마트24,성주중앙점,편의점,"경상북도 성주군 성주읍 성주읍3길 13, (경산리)",35.9192918756476,128.287219345142,,,,,,
이마트24,포항이동점,편의점,"경상북도 포항시 남구 대이로175번길 12-2, (이동)",36.030371500810396,129.337842606294,,,,,,
이마트24,포항낙천대점,편의점,"경상북도 포항시 북구 법원로8번길 13-1, (장성동)",36.0760714738409,129.38790772995,,,,,,
GS25,경운대글로벌점,편의점,"경상북도 구미시 산동면 강동로 724-12, (인덕리)",36.1619284464169,128.468592778598,,,,,,
GS25,포항달전점,편의점,"경상북도 포항시 북구 흥해읍 도음로877번길 2, (학천리)",36.07918553693779,129.330264763205,,,,,,
이마트24,포항인덕점,편의점,"경상북도 포항시 남구 인덕로 56, (인덕동)",35.9902244671571,129.397636043112,,,,,,
이마트24,포항남원점,편의점,"경상북도 포항시 남구 오천읍 남원로 81, (원리)",35.9702430893745,129.40080932227198,,,,,,
이마트24,안동대점,편의점,"경상북도 안동시 송천2길 81, (송천동)",36.5440066167239,128.792442984448,,,,,,
이마트24,오천메가박스점,편의점,"경상북도 포항시 남구 오천읍 하원로47번길 9, (원리)",35.9745113098201,129.40343483536898,,,,,,
이마트24,예천모아엘가점,편의점,"경상북도 예천군 호명면 양지로 55, (산합리, 경북도청모아엘가에듀파크)",36.579857376100996,128.479877516865,,,,,,
이마트24,안동과학대점,편의점,"경상북도 안동시 서후면 귀여리길 36, (명리)",36.589617900598896,128.650823861953,,,,,,
이마트24,성주점,편의점,"경상북도 성주군 성주읍 성주순환로1길 8, (백전리)",35.9209972417854,128.278781872921,,,,,,
이마트24,경산자인공단점,편의점,"경상북도 경산시 자인면 자인로 58, (교촌리)",35.8234705346735,128.825037667137,,,,,,
GS25,포항경성점,편의점,"경상북도 포항시 북구 이동로 48-10, (득량동, 경성홈타운2차)",36.0316988204352,129.340039765789,,,,,,
GS25,상도센타점,편의점,"경상북도 포항시 남구 중흥로70번길 7-2, (상도동)",36.0115841078644,129.350403602541,,,,,,
나들가게,선마트,편의점,"경상북도 포항시 북구 칠성로47번길 5, (남빈동)",36.0371106272337,129.36679564777,,,,,,
GS25,구미구평부영점,편의점,"경상북도 구미시 인동46길 28, (구평동, 부영8차)",36.0908164727401,128.440131196666,,,,,,
GS25,포항뷰엔빌점,편의점,"경상북도 포항시 북구 장량로17번길 68, (장성동)",36.0884852290813,129.383673492096,,,,,,
GS25,문덕중앙점,편의점,"경상북도 포항시 남구 오천읍 문덕로12번길 20, (문덕리)",35.96180022541,129.400660185316,,,,,,
GS25,죽변타운점,편의점,"경상북도 울진군 죽변면 죽변북로 42, (죽변리, 대현빌라)",37.063131697216896,129.420672463227,,,,,,
GS25,백천삼도점,편의점,"경상북도 경산시 경청로222길 34, (백천동, 경산삼도뷰엔빌더블유)",35.80250431925221,128.74231564827699,,,,,,
GS25,LGD구미A1점,편의점,"경상북도 구미시 3공단2로 209, (진평동)",36.099304877577,128.404850919913,,,,,,
GS25,영주동산점,편의점,"경상북도 영주시 향교길 108-37, (하망동)",36.832187378850605,128.633321252213,,,,,,
GS25,김천지례점,편의점,"경상북도 김천시 지례면 장터길 99, (교리)",35.98929498747879,128.030096600516,,,,,,
이마트24,포항학전점,편의점,"경상북도 포항시 북구 학전로 65, (두호동)",36.058541090731204,129.374746940992,,,,,,
GS25,중방원룸점,편의점,"경상북도 경산시 중앙초등길6길 24, (중방동, 경산슈퍼아파트)",35.824128056715494,128.734814188985,,,,,,
GS25,경산중방대로점,편의점,"경상북도 경산시 경안로 171, (중방동)",35.8228237222672,128.737336506276,,,,,,
GS25,경주초당타운점,편의점,"경상북도 경주시 초당길31번길 23, (동천동)",35.846548917079296,129.233748289462,,,,,,
GS25,정평우방점,편의점,"경상북도 경산시 대학로12길 13, (정평동)",35.832723689945205,128.729381387492,,,,,,
GS25,진량우림점,편의점,"경상북도 경산시 진량읍 봉황길 53, (북리, 우림필유)",35.8843020191615,128.82473778628,,,,,,
이마트24,경주황오점,편의점,"경상북도 경주시 원효로 128, (황오동)",35.8418387818179,129.214824645347,,,,,,
이마트24,구미신평타운점,편의점,"경상북도 구미시 신비로 14, (신평동)",36.122689310105,128.364011590754,,,,,,
이마트24,구미선산점,편의점,"경상북도 구미시 선산읍 남문로3길 16-2, (완전리)",36.2409444905488,128.299895598609,,,,,,
이마트24,경주안강삼도점,편의점,"경상북도 경주시 안강읍 구부랑4길 14, (산대리)",36.002288918909706,129.195308779718,,,,,,
이마트24,구미인의원룸점,편의점,"경상북도 구미시 여헌로6길 11-4, (인의동)",36.1029013913395,128.42556045921998,,,,,,
이마트24,황성한빛점,편의점,"경상북도 경주시 용담로 30, (황성동)",35.861851480512705,129.217953307131,,,,,,
이마트24,경산압량점,편의점,"경상북도 경산시 압량읍 화랑로 297, (부적리)",35.840451174219,128.762272955736,,,,,,
이마트24,경주교촌점,편의점,"경상북도 경주시 교촌길 4, (황남동)",35.832914978644794,129.214046658348,,,,,,
이마트24,경산부영점,편의점,"경상북도 경산시 장산로 319, (사동, 부영2차)",35.8154319206238,128.759211929435,,,,,,
GS25,구미옥계중앙점,편의점,"경상북도 구미시 흥안로 19, (옥계동)",36.1469438386553,128.416341463582,,,,,,
GS25,상모화성파크점,편의점,"경상북도 구미시 상모로10길 40, (상모동, 화성파크프레지던트1단지)",36.0867139348973,128.35656139993299,,,,,,
GS25,LGD구미점,편의점,"경상북도 구미시 3공단2로 174, (시미동)",36.0976823255067,128.407574574118,,,,,,
GS25,영주청구점,편의점,"경상북도 영주시 서원로 221-10, (하망동)",36.8210790705317,128.636099245123,,,,,,
이디야,진량점,프렌차이즈,"경상북도 경산시 진량읍 공단로 479, (신상리)",35.874303077399794,128.818654148116,,,,,,
GS25,구미대원점,편의점,"경상북도 구미시 금오대로12길 21-4, (오태동)",36.0698013846948,128.35186675429,,,,,,
이디야,경주현곡점,프렌차이즈,"경상북도 경주시 현곡면 용담로 548, (하구리, 경주센트럴푸르지오)",35.8921604833433,129.17460012173402,,,,,,
GS25,군위제일점,편의점,"경상북도 군위군 군위읍 중앙길 96, (서부리)",36.236821682441004,128.567152339225,,,,,,
GS25,구미해평점,편의점,"경상북도 구미시 해평면 강동로 1655-1, (낙성리, 삼우궁전맨션)",36.1983936167002,128.390960304377,,,,,,
GS25,구미클래스점,편의점,"경상북도 구미시 산동면 신당인덕1로 135, (인덕리, 구미중흥에스클래스에코시티)",36.1623949905354,128.440664323923,,,,,,
GS25,압량부적점,편의점,"경상북도 경산시 압량읍 부적길 13, (부적리)",35.8412396615053,128.758738253078,,,,,,
GS25,성주티박스점,편의점,"경상북도 성주군 성주읍 성주읍2길 33-1, (경산리)",35.9205572528391,128.289506569963,,,,,,
GS25,경산대학로점,편의점,"경상북도 경산시 대학로53길 26, (대동)",35.8381284872681,128.750384670368,,,,,,
GS25,경산박물관점,편의점,"경상북도 경산시 박물관로 24, (사동)",35.8156528834269,128.761327632609,,,,,,
