브랜드명,지점명,업체유형,도로명주소,위도,경도,지역,ID,연락처,주차시설,평점,판매자ID,판매상품목록
GS25,학장공단점,편의점,"부산광역시 사상구 가야대로176번길 24, (학장동)",35.14857333,128.991098,부산,,,,,,
GS25,당리행운점,편의점,"부산광역시 사하구 낙동대로450번길 2, (당리동)",35.10542351,128.9698771,부산,,,,,,
이디야,부산다대포점,프렌차이즈,"부산광역시 사하구 다대로 682, (다대동)",35.04820024,128.9666901,부산,,,,,,
GS25,부곡점,편의점,"부산광역시 금정구 부곡로141번길 10, (부곡동)",35.22875199,129.0917207,부산,,,,,,
GS25,대동점,편의점,"부산광역시 해운대구 대천로103번길 29, (좌동, 대동타운)",35.1765208,129.1713827,부산,,,,,,
GS25,유성점,편의점,"부산광역시 부산진구 황령대로 9, (범천동)",35.1479399,129.0605921,부산,,,,,,
GS25,편의점,편의점,"부산광역시 연제구 중앙대로1066번길 11, (연산동)",35.18291219,129.0801611,부산,,,,,,
GS25,화명벽산점,편의점,"부산광역시 북구 양달로 6, (화명동)",35.24158111,129.014785,부산,,,,,,
GS25,남항시장점,편의점,"부산광역시 영도구 남항로31번길 43, (대교동2가)",35.09093571,129.0408041,부산,,,,,,
GS25,초량일신점,편의점,"부산광역시 동구 중앙대로320번길 3-2, (초량동)",35.12483057,129.0457883,부산,,,,,,
GS25,사상감전점,편의점,"부산광역시 사상구 낙동대로 910, (감전동)",35.141393,128.9705779,부산,,,,,,
맥도날드,토곡점,프렌차이즈,"부산광역시 연제구 과정로 226, (연산동)",35.18819083,129.102553,부산,,,,,,
GS25,구포점,편의점,"부산광역시 북구 낙동대로1780번길 106, (구포동)",35.20564674,129.0034982,부산,,,,,,
맥도날드,메가마트남천점,프렌차이즈,"부산광역시 수영구 황령대로 521, (남천동)",35.13727529,129.1110176,부산,,,,,,
탐앤탐스,부산동래온천장점,프렌차이즈,"부산광역시 동래구 온천장로 81-1, (온천동)",35.21865105,129.0822929,부산,,,,,,
GS25,남산점,편의점,"부산광역시 금정구 금강로 645, (남산동)",35.26507047,129.0884929,부산,,,,,,
GS25,부산본점,편의점,"부산광역시 연제구 월드컵대로 190, (거제동)",35.18837425,129.0761488,부산,,,,,,
GS25,카톨릭대점,편의점,"부산광역시 금정구 오륜대로 51, (부곡동)",35.2437025,129.0970741,부산,,,,,,
GS25,망미토현점,편의점,"부산광역시 연제구 토현로 10, (연산동, 주공)",35.17853116,129.1110846,부산,,,,,,
GS25,부곡점,편의점,"부산광역시 금정구 부곡로 79, (부곡동)",35.22314668,129.0905801,부산,,,,,,
GS25,명장점,편의점,"부산광역시 동래구 반송로 291, (명장동)",35.20636896,129.1018652,부산,,,,,,
GS25,시수영골드점,편의점,"부산광역시 수영구 광서로16번길 3, (광안동)",35.16434532,129.1128345,부산,,,,,,
GS25,좌천사거리점,편의점,부산광역시 기장군 장안읍 해맞이로 2,35.31221658,129.2440982,부산,,,,,,
GS25,장림유성점,편의점,"부산광역시 사하구 장림로 181, (장림동)",35.08272379,128.9690272,부산,,,,,,
GS25,주례점,편의점,"부산광역시 사상구 가야대로284번길 12, (주례동)",35.14982232,129.0036245,부산,,,,,,
이디야,부산영도대교동점,프렌차이즈,"부산광역시 영도구 태종로 104, (대교동2가, 일공구일공사)",35.09111359,129.0421334,부산,,,,,,
GS25,구만덕점,편의점,"부산광역시 북구 만덕1로51번길 11, (만덕동, 휴먼시아아파트)",35.21345328,129.0313272,부산,,,,,,
GS25,시부산가락점,편의점,"부산광역시 강서구 가락대로 989, (범방동)",35.15843388,128.8852658,부산,,,,,,
GS25,영도미광점,편의점,"부산광역시 영도구 대교로14번길 17, (봉래동2가, 미광마린타워)",35.09379297,129.0429242,부산,,,,,,
GS25,부산대학사점,편의점,"부산광역시 금정구 산성로 872, (장전동)",35.235385,129.0675958,부산,,,,,,
GS25,새벽시장점,편의점,"부산광역시 사상구 새벽로 151, (감전동)",35.15489645,128.9828223,부산,,,,,,
이디야,부산동의대중앙점,프렌차이즈,"부산광역시 부산진구 엄광로 184, (가야동)",35.14772283,129.0346127,부산,,,,,,
GS25,감전역점,편의점,"부산광역시 사상구 사상로 88, (감전동)",35.15518104,128.992144,부산,,,,,,
스타벅스,대연힐스테이트점,프렌차이즈,"부산광역시 남구 수영로 345, (대연동, 대연힐스테이트푸르지오)",35.13998481,129.1035266,부산,,,,,,
스타벅스,센텀드림월드점,프렌차이즈,"부산광역시 해운대구 센텀2로 25, (우동)",35.16696189,129.13298,부산,,,,,,
스타벅스,팔레드시즈점,프렌차이즈,"부산광역시 해운대구 해운대해변로298번길 24, (중동)",35.16021589,129.1666048,부산,,,,,,
이디야,부산낙민점,프렌차이즈,"부산광역시 동래구 안남로 32, (낙민동)",35.19419389,129.0956174,부산,,,,,,
버거킹,부산광복롯데점,프렌차이즈,"부산광역시 중구 중앙대로 2, (중앙동7가)",35.09832607,129.0367302,부산,,,,,,
맥도날드,송정DT점,프렌차이즈,"부산광역시 해운대구 해운대로 1114, (송정동)",35.18451567,129.2017782,부산,,,,,,
이디야,대연황령점,프렌차이즈,"부산광역시 남구 황령대로319번가길 158-7, (대연동)",35.15169245,129.0887368,부산,,,,,,
스타벅스,BIFC몰점,프렌차이즈,"부산광역시 남구 문현금융로 40, (문현동)",35.14650531,129.0658851,부산,,,,,,
맥도날드,만덕점,프렌차이즈,"부산광역시 북구 덕천로 179, (만덕동)",35.21150483,129.0240647,부산,,,,,,
이디야,부산영도태종로점,프렌차이즈,"부산광역시 영도구 태종로 64-1, (대교동1가)",35.09262663,129.0380838,부산,,,,,,
맥도날드,시청점,프렌차이즈,"부산광역시 연제구 중앙대로 1031, (연산동)",35.18079461,129.077048,부산,,,,,,
스타벅스,부산화명역점,프렌차이즈,"부산광역시 북구 금곡대로285번길 5, 1동  (화명동, 레지던스라움)",35.23368912,129.0132146,부산,,,,,,
스타벅스,남천점,프렌차이즈,"부산광역시 수영구 남천바다로 38, (남천동)",35.14832407,129.1142076,부산,,,,,,
스타벅스,부산안락DT점,프렌차이즈,"부산광역시 동래구 충렬대로 446, (안락동)",35.19591222,129.106885,부산,,,,,,
스타벅스,범일교차로점,프렌차이즈,"부산광역시 동구 조방로 4, (범일동)",35.13773498,129.0638066,부산,,,,,,
맥도날드,부산덕천점,프렌차이즈,"부산광역시 북구 금곡대로 107, (덕천동)",35.21946733,129.0064802,부산,,,,,,
이디야,부산양운사거리점,프렌차이즈,"부산광역시 해운대구 좌동순환로 79, (좌동)",35.1736163,129.166928,부산,,,,,,
스타벅스,부산대역점,프렌차이즈,"부산광역시 금정구 장전로12번길 64, (장전동)",35.23052736,129.0887564,부산,,,,,,
스타벅스,서면전포역점,프렌차이즈,"부산광역시 부산진구 전포대로199번길 27, (전포동, 케이에이치마이우스)",35.15429525,129.063616,부산,,,,,,
스타벅스,피프광장점,프렌차이즈,"부산광역시 중구 비프광장로 25, (남포동3가)",35.09896794,129.0280408,부산,,,,,,
스타벅스,부산사직점,프렌차이즈,"부산광역시 동래구 사직북로 24, (사직동)",35.19798534,129.0605614,부산,,,,,,
이디야,연지자이점,프렌차이즈,"부산광역시 부산진구 새싹로 178, (연지동)",35.17204636,129.0498725,부산,,,,,,
이디야,부산경동파크점,프렌차이즈,"부산광역시 부산진구 새싹로 30, (부전동, 경동파크타워)",35.16062395,129.0573322,부산,,,,,,
스타벅스,부산덕천역점,프렌차이즈,"부산광역시 북구 만덕대로 30, (덕천동)",35.21067998,129.0085025,부산,,,,,,
스타벅스,해운대이마트점,프렌차이즈,"부산광역시 해운대구 좌동순환로 511, (중동)",35.16604015,129.1674015,부산,,,,,,
스타벅스,부산괴정역점,프렌차이즈,"부산광역시 사하구 사하로186번길 6, (괴정동)",35.09840241,128.9942525,부산,,,,,,
이디야,부산동래내성점,프렌차이즈,"부산광역시 동래구 여고북로 192, (사직동)",35.20253361,129.0752923,부산,,,,,,
GS25,화명점,편의점,"부산광역시 북구 대천천길 15, (화명동)",35.24065158,129.0149163,부산,,,,,,
이디야,부산가야동의대점,프렌차이즈,"부산광역시 부산진구 가야대로 590-1, (가야동)",35.15435039,129.0364527,부산,,,,,,
이디야,반송도서관점,프렌차이즈,"부산광역시 해운대구 아랫반송로 25, (반송동)",35.22503232,129.1488577,부산,,,,,,
맥도날드,비프광장점,프렌차이즈,"부산광역시 중구 비프광장로 40, (남포동5가)",35.09825729,129.0289312,부산,,,,,,
이디야,장림점,프렌차이즈,"부산광역시 사하구 장림번영로 84, (장림동)",35.08046277,128.9744613,부산,,,,,,
스타벅스,서면서전로점,프렌차이즈,"부산광역시 부산진구 서전로 19, (부전동)",35.15797871,129.0619298,부산,,,,,,
버거킹,해운대비치점,프렌차이즈,"부산광역시 해운대구 해운대해변로 271, (중동)",35.15983569,129.1611443,부산,,,,,,
스타벅스,서면트레이더스점,프렌차이즈,부산광역시 부산진구 새싹로 81,35.16411865,129.0535026,부산,,,,,,
스타벅스,광복중앙로점,프렌차이즈,"부산광역시 중구 광복중앙로 28-1, (대청동2가)",35.10191637,129.031127,부산,,,,,,
GS25,부암점,편의점,"부산광역시 부산진구 당감로 79, (부암동, 화승삼성아파트)",35.16842253,129.0373447,부산,,,,,,
GS25,금정점,편의점,"부산광역시 금정구 중앙대로 1731, (부곡동)",35.23928178,129.0915322,부산,,,,,,
스타벅스,연산중앙로점,프렌차이즈,"부산광역시 연제구 중앙대로 1091, (연산동)",35.18543147,129.0806775,부산,,,,,,
맥도날드,당감점,프렌차이즈,"부산광역시 부산진구 동평로 91, (당감동)",35.16569025,129.0395713,부산,,,,,,
맥도날드,부산대2호점,프렌차이즈,"부산광역시 금정구 금정로60번길 24, (장전동)",35.22952008,129.0875016,부산,,,,,,
스타벅스,부산연산역점,프렌차이즈,"부산광역시 연제구 반송로 20, (연산동)",35.18696704,129.0833439,부산,,,,,,
맥도날드,구남점,프렌차이즈,"부산광역시 북구 백양대로 1045, (구포동)",35.19880361,128.9960455,부산,,,,,,
스타벅스,부산중앙역점,프렌차이즈,"부산광역시 중구 중앙대로81번길 2, (중앙동4가)",35.10516546,129.0359393,부산,,,,,,
스타벅스,부산동아대점,프렌차이즈,"부산광역시 사하구 낙동대로550번길 14, (하단동)",35.11305291,128.9649213,부산,,,,,,
GS25,윌더점,편의점,"부산광역시 사하구 장평로 133, (장림동)",35.07814225,128.9727012,부산,,,,,,
스타벅스,부산서면중앙로점,프렌차이즈,"부산광역시 부산진구 중앙대로 701, (부전동)",35.15548104,129.0589339,부산,,,,,,
이디야,BIFC몰점,프렌차이즈,"부산광역시 남구 문현금융로 40, (문현동)",35.14650531,129.0658851,부산,,,,,,
맥도날드,좌동점,프렌차이즈,"부산광역시 해운대구 좌동순환로 181, (좌동)",35.17798991,129.1760476,부산,,,,,,
이디야,금정세무서점,프렌차이즈,"부산광역시 금정구 부곡로141번길 1, (부곡동)",35.22849904,129.0917832,부산,,,,,,
이디야,서면태화점,프렌차이즈,"부산광역시 부산진구 서전로10번길 71, (부전동)",35.15471455,129.0599996,부산,,,,,,
스타벅스,양정역점,프렌차이즈,"부산광역시 부산진구 중앙대로 894, (양정동)",35.17010088,129.0692776,부산,,,,,,
이디야,부산해운대구청점,프렌차이즈,"부산광역시 해운대구 중동2로 5, (중동)",35.16255898,129.1647833,부산,,,,,,
스타벅스,월드마크센텀점,프렌차이즈,"부산광역시 해운대구 센텀동로 25, (우동, 대우월드마크센텀)",35.17192472,129.1314571,부산,,,,,,
스타벅스,센텀로점,프렌차이즈,"부산광역시 해운대구 센텀2로 10, (우동)",35.16784966,129.1315433,부산,,,,,,
스타벅스,부산교대점,프렌차이즈,"부산광역시 연제구 교대로 20-2, (거제동)",35.19572658,129.0774976,부산,,,,,,
맥도날드,초읍DT점,프렌차이즈,"부산광역시 부산진구 성지로 152, (초읍동)",35.18207662,129.0480472,부산,,,,,,
스타벅스,부산대정문점,프렌차이즈,"부산광역시 금정구 부산대학로64번길 12, (장전동)",35.23212423,129.0845811,부산,,,,,,
버거킹,해운대스펀지점,프렌차이즈,"부산광역시 해운대구 해운대로 648, (우동)",35.16448576,129.1612543,부산,,,,,,
스타벅스,부산외대점,프렌차이즈,"부산광역시 금정구 금샘로 459, (남산동)",35.26397734,129.0847527,부산,,,,,,
맥도날드,개금점,프렌차이즈,"부산광역시 부산진구 복지로 70, (개금동, 개금현대아이파크아파트)",35.14747098,129.0196623,부산,,,,,,
맥도날드,경성대점,프렌차이즈,"부산광역시 남구 수영로 304, (대연동, 대승타워)",35.13681206,129.0995445,부산,,,,,,
맥도날드,범일SKDT점,프렌차이즈,"부산광역시 동구 자성로 127, (범일동)",35.13740782,129.0641096,부산,,,,,,
이디야,부산서면문화점,프렌차이즈,"부산광역시 부산진구 가야대로784번길 66, (부전동)",35.15458788,129.0569577,부산,,,,,,
스타벅스,하단중앙점,프렌차이즈,"부산광역시 사하구 낙동남로 1411, (하단동)",35.10649952,128.9660726,부산,,,,,,
스타벅스,부산역점,프렌차이즈,"부산광역시 동구 중앙대로 216, (초량동)",35.116346,129.040831,부산,,,,,,
스타벅스,신세계마린시티점,프렌차이즈,"부산광역시 해운대구 마린시티2로 38, (우동, 해운대아이파크)",35.15705734,129.1433573,부산,,,,,,
스타벅스,제니스스퀘어점,프렌차이즈,"부산광역시 해운대구 마린시티2로 33, (우동, 해운대두산위브더제니스)",35.1572236,129.1448413,부산,,,,,,
이디야,부산온천장역점,프렌차이즈,"부산광역시 동래구 온천장로119번길 7, (온천동)",35.22132778,129.0843496,부산,,,,,,
이디야,거제홈타운점,프렌차이즈,"부산광역시 연제구 법원북로 45, (거제동)",35.19425292,129.0718999,부산,,,,,,
스타벅스,부산송도비치점,프렌차이즈,"부산광역시 서구 송도해변로 81, (암남동)",35.07615054,129.0166141,부산,,,,,,
버거킹,부산대연GS점,프렌차이즈,"부산광역시 남구 수영로 288, (대연동)",35.13611476,129.0979112,부산,,,,,,
스타벅스,부산정관점,프렌차이즈,"부산광역시 기장군 정관읍 정관로 579, (매학리)",35.3213862,129.1771966,부산,,,,,,
스타벅스,금정이마트점,프렌차이즈,"부산광역시 금정구 중앙대로1841번길 24, (구서동)",35.25003361,129.0907093,부산,,,,,,
이디야,보수점,프렌차이즈,"부산광역시 중구 국제시장2길 33, (신창동4가)",35.10239988,129.0283252,부산,,,,,,
스타벅스,좌동블루스퀘어점,프렌차이즈,"부산광역시 해운대구 좌동로 96, (좌동)",35.1722972,129.1756363,부산,,,,,,
이디야,중앙동점,프렌차이즈,"부산광역시 중구 중앙대로 114, (중앙동4가)",35.10758247,129.0368474,부산,,,,,,
스타벅스,서면센트럴스퀘어점,프렌차이즈,"부산광역시 부산진구 중앙대로666번길 50, (부전동, 더샵센트럴스타)",35.1518633,129.0603248,부산,,,,,,
스타벅스,베네시티점,프렌차이즈,"부산광역시 해운대구 해운대해변로 163, (우동, 현대베네시티)",35.1581862,129.1507488,부산,,,,,,
스타벅스,서면메디컬거리점,프렌차이즈,"부산광역시 부산진구 가야대로 783-1, (부전동)",35.15798211,129.0574187,부산,,,,,,
스타벅스,서면중앙점,프렌차이즈,"부산광역시 부산진구 서면로68번길 1, (부전동)",35.15689443,129.0581071,부산,,,,,,
버거킹,센텀KNN점,프렌차이즈,"부산광역시 해운대구 센텀서로 30, (우동)",35.17207885,129.1284623,부산,,,,,,
이디야,송도암남공원점,프렌차이즈,"부산광역시 서구 암남공원로 179-13, (암남동)",35.06272065,129.0197036,부산,,,,,,
이디야,부평점,프렌차이즈,"부산광역시 중구 광복로 10-2, (부평동2가)",35.09935262,129.0262578,부산,,,,,,
스타벅스,부산개금역점,프렌차이즈,"부산광역시 부산진구 가야대로 462-1, (개금동)",35.15287249,129.0226161,부산,,,,,,
GS25,수영팔도점,편의점,"부산광역시 수영구 수영로 707, (수영동)",35.16807729,129.1167274,부산,,,,,,
GS25,폄의점,편의점,"부산광역시 사하구 사하로 199, (괴정동)",35.09952002,128.9931692,부산,,,,,,
GS25,영도영선점,편의점,"부산광역시 영도구 절영로93번길 48, (영선동2가)",35.08847308,129.0410141,부산,,,,,,
GS25,우암자유점,편의점,"부산광역시 남구 우암로154번길 8, (우암동)",35.12382506,129.0802691,부산,,,,,,
GS25,재송중앙점,편의점,"부산광역시 해운대구 재송2로 22, (재송동)",35.19234636,129.1299174,부산,,,,,,
GS25,괘법덕포점,편의점,"부산광역시 사상구 광장로81번길 70, (괘법동)",35.16546885,128.9840582,부산,,,,,,
GS25,신도시점,편의점,"부산광역시 해운대구 좌동순환로 59, (좌동)",35.17179108,129.1664518,부산,,,,,,
GS25,가덕도점,편의점,"부산광역시 강서구 가덕해안로 753, (천성동)",35.0306183,128.813671,부산,,,,,,
GS25,장전대동점,편의점,"부산광역시 금정구 수림로49번길 6, (장전동)",35.23970233,129.0868684,부산,,,,,,
GS25,삼방동원점,편의점,"부산광역시 수영구 망미번영로38번길 92, (광안동, 광안동일스위트)",35.16809401,129.1129514,부산,,,,,,
GS25,망미토현점,편의점,"부산광역시 연제구 토현로 10, (연산동)",35.17998483,129.1078657,부산,,,,,,
GS25,해운대벽산점,편의점,"부산광역시 해운대구 세실로 48, (좌동, 삼정코아)",35.16969973,129.1785738,부산,,,,,,
GS25,동래점,편의점,"부산광역시 동래구 명륜로 161, (명륜동)",35.2082425,129.082023,부산,,,,,,
GS25,연산골드점,편의점,"부산광역시 연제구 월드컵대로165번길 63, (연산동)",35.18461152,129.0765933,부산,,,,,,
GS25,하단강변점,편의점,"부산광역시 사하구 하신번영로 400, (하단동, 하단동에스케이뷰)",35.11609954,128.9615345,부산,,,,,,
GS25,부산몰운대점,편의점,"부산광역시 사하구 몰운대1길 17, (다대동)",35.04685193,128.9684718,부산,,,,,,
GS25,초읍점,편의점,"부산광역시 부산진구 새싹로 244, (초읍동)",35.17789899,129.0485315,부산,,,,,,
GS25,반송점,편의점,"부산광역시 해운대구 아랫반송로21번길 2, (반송동)",35.22535026,129.1485986,부산,,,,,,
GS25,전포캐슬점,편의점,"부산광역시 사상구 사상로342번길 21, (덕포동, 덕포늘푸른아파트)",35.1755917,128.9862551,부산,,,,,,
GS25,만덕삼보1호점,편의점,"부산광역시 북구 만덕대로 327, (만덕동)",35.2136619,129.0406548,부산,,,,,,
GS25,해운대구남로점,편의점,"부산광역시 해운대구 구남로 10, (우동)",35.16282824,129.159266,부산,,,,,,
GS25,좌동펄시티점,편의점,"부산광역시 해운대구 해운대로 789, (좌동)",35.16935649,129.1749354,부산,,,,,,
GS25,홍제병원점,편의점,"부산광역시 부산진구 중앙대로 912, (양정동)",35.17156891,129.0704385,부산,,,,,,
맥도날드,메가마켓점,프렌차이즈,"부산광역시 동래구 충렬대로 197, (명륜동)",35.20456354,129.0811615,부산,,,,,,
GS25,개금플라워점,편의점,"부산광역시 부산진구 복지로 22, (개금동)",35.15113641,129.0200482,부산,,,,,,
GS25,기장교리1호점,편의점,"부산광역시 기장군 기장읍 차성동로 167-10, (교리, 가화만사성)",35.25309744,129.2165472,부산,,,,,,
GS25,광안골드로즈점,편의점,"부산광역시 수영구 수영로 648, (광안동, 롯데골드로즈)",35.1633714,129.1148409,부산,,,,,,
GS25,남산삼한점,편의점,"부산광역시 금정구 두실로 16, (남산동)",35.26075154,129.089644,부산,,,,,,
GS25,센텀큐점,편의점,"부산광역시 해운대구 센텀5로 55, (우동)",35.17297786,129.1316144,부산,,,,,,
GS25,부산범천점,편의점,"부산광역시 부산진구 범일로131번길 52, (범천동)",35.143593,129.0587799,부산,,,,,,
GS25,대연글로리점,편의점,"부산광역시 남구 유엔평화로41번길 8, (대연동, 글로리성보빌라트)",35.13265426,129.0998068,부산,,,,,,
GS25,화전산단점,편의점,"부산광역시 강서구 화전산단5로132번길 42, (화전동)",35.11014489,128.8828455,부산,,,,,,
GS25,범어사역점,편의점,"부산광역시 금정구 중앙대로 2110, (청룡동)",35.27274586,129.0929701,부산,,,,,,
GS25,연산역점,편의점,부산광역시 연제구 월드컵대로145번길 26,35.1854732,129.0800412,부산,,,,,,
GS25,퍼스트센텀점,편의점,"부산광역시 해운대구 센텀중앙로 60, (우동)",35.17385066,129.128882,부산,,,,,,
GS25,피프광장점,편의점,"부산광역시 중구 비프광장로 27-1, (남포동3가)",35.09893849,129.0283256,부산,,,,,,
GS25,기장한길점,편의점,"부산광역시 기장군 기장읍 대변로 14, (청강리, 해리빌라)",35.23470953,129.2183489,부산,,,,,,
GS25,씨클라우드점,편의점,"부산광역시 해운대구 해운대해변로 287, (중동)",35.16046485,129.1622728,부산,,,,,,
GS25,송도비치점,편의점,"부산광역시 서구 충무대로 34, (암남동)",35.07850131,129.0168407,부산,,,,,,
GS25,초량육거리점,편의점,"부산광역시 동구 초량로40번길 2, (초량동)",35.12069661,129.0380448,부산,,,,,,
GS25,연산참빛점,편의점,"부산광역시 연제구 월드컵대로99번길 37, (연산동)",35.18392212,129.0811296,부산,,,,,,
GS25,가야사랑점,편의점,"부산광역시 부산진구 엄광로 212, (가야동)",35.14978945,129.0364387,부산,,,,,,
GS25,본병원점,편의점,"부산광역시 사하구 승학로 8, (당리동)",35.10629806,128.9698546,부산,,,,,,
GS25,부산코모도점,편의점,"부산광역시 중구 대청로 121-1, 101동  (대청동1가, 코모도에스테이트)",35.10312487,129.0331714,부산,,,,,,
GS25,부경삼광점,편의점,"부산광역시 남구 용소로64번길 3, (대연동)",35.13153383,129.1010975,부산,,,,,,
GS25,편의점,편의점,"부산광역시 부산진구 대학로 78, (가야동)",35.14877866,129.0344724,부산,,,,,,
GS25,만덕점,편의점,"부산광역시 북구 덕천로 182, (만덕동, 벽산라인타운)",35.21028251,129.023643,부산,,,,,,
GS25,괘법중앙점,편의점,"부산광역시 사상구 사상로202번길 12, (괘법동)",35.16323503,128.9849643,부산,,,,,,
GS25,부곡2호점,편의점,"부산광역시 금정구 중앙대로1719번길 23, (부곡동)",35.23761959,129.0909386,부산,,,,,,
GS25,영도일성점,편의점,"부산광역시 영도구 남항서로 80, (남항동3가)",35.08773364,129.0357847,부산,,,,,,
GS25,팔레드시즈점,편의점,"부산광역시 해운대구 해운대해변로298번길 24, (중동)",35.16021589,129.1666048,부산,,,,,,
GS25,다대블루점,편의점,"부산광역시 사하구 다대동로 54, (다대동)",35.05747502,128.9735523,부산,,,,,,
맥도날드,달맞이점,프렌차이즈,"부산광역시 해운대구 좌동순환로 455, (중동)",35.16184171,129.1709307,부산,,,,,,
GS25,덕천점,편의점,"부산광역시 북구 만덕대로15번길 8, (덕천동)",35.21092757,129.006913,부산,,,,,,
탐앤탐스,동의대점,프렌차이즈,"부산광역시 부산진구 엄광로 176, (가야동)",35.14433688,129.0363367,부산,,,,,,
GS25,서면중앙점,편의점,"부산광역시 부산진구 서면로 19-1, (부전동)",35.15250888,129.0576223,부산,,,,,,
GS25,부산가야점,편의점,"부산광역시 부산진구 엄광로238번길 4, (가야동)",35.15164302,129.037878,부산,,,,,,
GS25,사하당리점,편의점,"부산광역시 사하구 낙동대로436번길 48, (당리동)",35.10606403,128.9731864,부산,,,,,,
GS25,민락점,편의점,"부산광역시 수영구 민락수변로17번길 5, (민락동)",35.15445081,129.1242568,부산,,,,,,
GS25,용당해군점,편의점,"부산광역시 남구 신선로 393-9, (용당동)",35.12043621,129.0972839,부산,,,,,,
GS25,정관공단2호점,편의점,"부산광역시 기장군 정관읍 산단4로 25, (달산리)",35.31570116,129.1824807,부산,,,,,,
GS25,재송점,편의점,"부산광역시 해운대구 해운대로143번길 20, (재송동)",35.18454906,129.1222008,부산,,,,,,
GS25,부산영산대점,편의점,"부산광역시 해운대구 반송순환로 142, (반송동)",35.22416867,129.1590832,부산,,,,,,
GS25,대신한빛점,편의점,"부산광역시 서구 꽃마을로 45, (서대신동3가)",35.11805233,129.0117698,부산,,,,,,
GS25,수영골드점,편의점,"부산광역시 해운대구 좌동순환로 182, (좌동)",35.17740442,129.1760063,부산,,,,,,
GS25,남산역점,편의점,"부산광역시 금정구 금단로 203, (남산동)",35.26683169,129.0930995,부산,,,,,,
GS25,벡스코점,편의점,"부산광역시 해운대구 APEC로 55, (우동)",35.16907853,129.1360391,부산,,,,,,
GS25,주례동서점,편의점,"부산광역시 사상구 주례로 7, (주례동)",35.15041393,129.0116105,부산,,,,,,
GS25,기장한신점,편의점,"부산광역시 기장군 기장읍 차성서로 50, (대라리)",35.23757512,129.2103388,부산,,,,,,
GS25,동래블루힐점,편의점,"부산광역시 동래구 충렬대로238번가길 6, (수안동)",35.20037995,129.085323,부산,,,,,,
GS25,기장골드점,편의점,"부산광역시 기장군 기장읍 차성동로 88, (동부리)",35.24568416,129.2169528,부산,,,,,,
GS25,장림공단점,편의점,"부산광역시 사하구 하신중앙로22번길 38, (장림동)",35.08226848,128.9662145,부산,,,,,,
GS25,덕천부국점,편의점,"부산광역시 북구 만덕대로39번길 21, (덕천동)",35.21210966,129.0089265,부산,,,,,,
GS25,강서신덕점,편의점,"부산광역시 강서구 제도로 941, (강동동)",35.19557459,128.9246953,부산,,,,,,
GS25,강서공항로점,편의점,"부산광역시 강서구 대저동서로 245, (대저2동)",35.19465523,128.9628546,부산,,,,,,
GS25,괘법미래점,편의점,"부산광역시 사상구 광장로21번길 61, 1동  (괘법동, 동원아트빌)",35.16592072,128.9794643,부산,,,,,,
GS25,영도중리점,편의점,"부산광역시 영도구 절영로 448, (동삼동)",35.06894694,129.0661147,부산,,,,,,
GS25,좌동플러스점,편의점,"부산광역시 해운대구 세실로 30, (좌동, 경동지플러스)",35.16846558,129.1794232,부산,,,,,,
GS25,남항점,편의점,"부산광역시 영도구 남항로 13, (남항동1가)",35.08982235,129.0381908,부산,,,,,,
GS25,중동파일론점,편의점,"부산광역시 해운대구 달맞이길 43, (중동)",35.16205738,129.1700667,부산,,,,,,
GS25,부평희망점,편의점,"부산광역시 중구 보수대로24번길 9-1, (부평동2가)",35.09909199,129.0261668,부산,,,,,,
GS25,허브올리브점,편의점,"부산광역시 동래구 금강공원로 2, (온천동, SK허브올리브)",35.21864336,129.0841601,부산,,,,,,
GS25,자갈치역점,편의점,"부산광역시 중구 구덕로84번길 7, (남포동6가)",35.09796387,129.0263281,부산,,,,,,
GS25,부평옥천점,편의점,"부산광역시 중구 보수대로44번길 9-2, (부평동4가)",35.10141165,129.0236732,부산,,,,,,
GS25,재송금강점,편의점,"부산광역시 해운대구 해운대로81번길 84, (재송동, 금강빌라)",35.190898,129.1247696,부산,,,,,,
GS25,양정대원점,편의점,"부산광역시 부산진구 거제대로 26, (양정동, 대원칸타빌멤버스)",35.1715849,129.0686274,부산,,,,,,
GS25,구평등대점,편의점,"부산광역시 사하구 감천항로 527, (구평동)",35.0480752,128.999912,부산,,,,,,
맥도날드,서면서점,프렌차이즈,"부산광역시 부산진구 중앙대로 683, (부전동)",35.15370597,129.058856,부산,,,,,,
GS25,에덴점,편의점,"부산광역시 사하구 낙동대로549번길 17, (하단동)",35.11242018,128.9628735,부산,,,,,,
GS25,서구한울점,편의점,"부산광역시 서구 구덕로 120-1, (토성동4가)",35.09677407,129.0231216,부산,,,,,,
GS25,양정칸타빌점,편의점,"부산광역시 부산진구 중앙대로 895, (양정동)",35.17057197,129.0690093,부산,,,,,,
GS25,부산서현점,편의점,"부산광역시 남구 유엔로 52, (우암동)",35.12747285,129.0826103,부산,,,,,,
GS25,삼락공원점,편의점,"부산광역시 사상구 낙동대로 1228, (삼락동)",35.16969833,128.9771384,부산,,,,,,
GS25,동래중앙점,편의점,"부산광역시 동래구 명륜로 111, (명륜동)",35.20377422,129.0827435,부산,,,,,,
GS25,힐스테이트위브점,편의점,"부산광역시 해운대구 좌동순환로433번길 30, (중동, 해운대힐스테이트위브)",35.16085573,129.1777986,부산,,,,,,
GS25,삼락대신점,편의점,"부산광역시 사상구 낙동대로 1402, (삼락동)",35.18525433,128.9774015,부산,,,,,,
GS25,서면더블루점,편의점,"부산광역시 부산진구 서전로38번길 65, (전포동)",35.15476812,129.0641709,부산,,,,,,
GS25,편의점,편의점,"부산광역시 영도구 하나길 707, (봉래동5가)",35.09326854,129.051461,부산,,,,,,
GS25,팬스타드림점,편의점,"부산광역시 중구 충장대로 24, (중앙동4가)",35.10290944,129.0414937,부산,,,,,,
GS25,서면동천로점,편의점,"부산광역시 부산진구 동천로 10-1, (전포동, 서면노르웨이아침)",35.14995152,129.0635046,부산,,,,,,
GS25,송정바다점,편의점,"부산광역시 해운대구 송정해변로 48, (송정동)",35.18004477,129.200878,부산,,,,,,
GS25,베르나움점,편의점,"부산광역시 해운대구 양운로 45, (좌동)",35.16739136,129.1768061,부산,,,,,,
GS25,다대씨파크점,편의점,"부산광역시 사하구 다대동로 19, (다대동)",35.05549059,128.9714678,부산,,,,,,
GS25,구포점,편의점,"부산광역시 북구 낙동대로1762번길 9, (구포동)",35.20900456,129.0018482,부산,,,,,,
GS25,부경감만점,편의점,"부산광역시 남구 양지골로 110, (감만동)",35.11441268,129.0875276,부산,,,,,,
GS25,서동중앙점,편의점,"부산광역시 금정구 서동로175번길 55, (서동)",35.215682,129.1085811,부산,,,,,,
GS25,중구용두점,편의점,"부산광역시 영도구 해안산책길 20, (영선동4가)",35.08308948,129.0402219,부산,,,,,,
GS25,연산센터,편의점,"부산광역시 연제구 월드컵대로 152, (연산동)",35.18701576,129.0799079,부산,,,,,,
GS25,N욕지도점,편의점,"부산광역시 남구 백운포로 95, (용호동)",35.09894554,129.1043882,부산,,,,,,
GS25,해운제이드점,편의점,"부산광역시 해운대구 해운대해변로197번길 18, (우동)",35.15964455,129.1528438,부산,,,,,,
GS25,장림무지개점,편의점,"부산광역시 사하구 다대로1066번길 17, (장림동)",35.07831248,128.9535359,부산,,,,,,
GS25,강서명지점,편의점,"부산광역시 강서구 명지오션시티4로 67, (명지동)",35.083055,128.9039592,부산,,,,,,
GS25,신선부두2호점,편의점,"부산광역시 남구 신선로 294, (용당동)",35.11039166,129.093628,부산,,,,,,
GS25,일광역점,편의점,"부산광역시 기장군 일광면 일광로 113, (삼성리)",35.26662234,129.2339052,부산,,,,,,
GS25,보훈병원점,편의점,"부산광역시 사상구 양지로 8, (주례동)",35.15334079,129.0054347,부산,,,,,,
GS25,축복점,편의점,"부산광역시 동구 범일로102번길 16-3, (범일동)",35.13888315,129.0613635,부산,,,,,,
GS25,금사대우점,편의점,"부산광역시 금정구 삼어로 206, (금사동)",35.21456589,129.1172319,부산,,,,,,
GS25,녹산공단점,편의점,"부산광역시 강서구 녹산산단232로 38-3, (송정동)",35.0853183,128.842518,부산,,,,,,
GS25,수영광원점,편의점,"부산광역시 수영구 광일로 63, (광안동, 광원)",35.16151103,129.1073627,부산,,,,,,
GS25,밀리오레점,편의점,"부산광역시 부산진구 동천로 92, (전포동)",35.15704958,129.0630372,부산,,,,,,
맥도날드,해운대DT점,프렌차이즈,"부산광역시 해운대구 해운대로570번길 51, (우동)",35.16019246,129.1596567,부산,,,,,,
GS25,반여네오점,편의점,"부산광역시 해운대구 선수촌로 124, (반여동)",35.20375462,129.1225089,부산,,,,,,
GS25,구만덕점,편의점,"부산광역시 북구 만덕1로 49, (만덕동)",35.21420343,129.0321495,부산,,,,,,
GS25,파크하야트점,편의점,"부산광역시 해운대구 마린시티2로 38, (우동, 해운대아이파크)",35.15606739,129.1422349,부산,,,,,,
GS25,용호사거리점,편의점,"부산광역시 남구 동명로 144, (용호동)",35.11943089,129.1126402,부산,,,,,,
GS25,오리마을점,편의점,"부산광역시 북구 만덕고개길 64, (만덕동)",35.21199861,129.047476,부산,,,,,,
GS25,신만덕점,편의점,"부산광역시 북구 만덕2로 43, (만덕동)",35.20967521,129.0378033,부산,,,,,,
맥도날드,경성대점,프렌차이즈,"부산광역시 남구 수영로 304, (대연동, 대승타워)",35.13681206,129.0995445,부산,,,,,,
GS25,양정역점,편의점,"부산광역시 부산진구 동평로 420, (양정동)",35.17298324,129.0705339,부산,,,,,,
GS25,반송하늘점,편의점,"부산광역시 해운대구 아랫반송로29번길 92, (반송동)",35.22438269,129.1517705,부산,,,,,,
GS25,월드마크점,편의점,"부산광역시 해운대구 센텀동로 25, (우동, 대우월드마크센텀)",35.17192472,129.1314571,부산,,,,,,
GS25,대연용소점,편의점,"부산광역시 남구 수영로250번길 11-2, (대연동)",35.13480183,129.0945798,부산,,,,,,
GS25,남포제일점,편의점,"부산광역시 중구 보수대로 14, (부평동2가)",35.09832261,129.0254771,부산,,,,,,
GS25,덕천점,편의점,"부산광역시 북구 의성로 100, (덕천동)",35.21168462,129.0101733,부산,,,,,,
GS25,미음산단점,편의점,"부산광역시 강서구 미음산단로 129, (구랑동)",35.13629112,128.8582735,부산,,,,,,
GS25,연산토곡점,편의점,"부산광역시 연제구 과정로114번길 18-19, (연산동)",35.18073768,129.108337,부산,,,,,,
GS25,정관신도시점,편의점,"부산광역시 기장군 정관읍 구연방곡로 9, (매학리)",35.32052622,129.1840357,부산,,,,,,
맥도날드,좌동점,프렌차이즈,"부산광역시 해운대구 좌동순환로 181, (좌동)",35.17798991,129.1760476,부산,,,,,,
스타벅스,광안리점,프렌차이즈,"부산광역시 수영구 광안해변로 247, (민락동)",35.15505904,129.1208737,부산,,,,,,
맥도날드,만덕점,프렌차이즈,"부산광역시 북구 덕천로 179, (만덕동)",35.21150483,129.0240647,부산,,,,,,
맥도날드,가야점,프렌차이즈,"부산광역시 부산진구 가야대로 607, (가야동)",35.15536105,129.0384301,부산,,,,,,
GS25,괴정크로바점,편의점,"부산광역시 사하구 사하로 166, (괴정동)",35.09642104,128.994042,부산,,,,,,
GS25,동래럭키점,편의점,"부산광역시 동래구 중앙대로1335번길 37, (온천동)",35.20679344,129.0757109,부산,,,,,,
GS25,강변점,편의점,"부산광역시 사하구 하신번영로 405, (하단동)",35.11715482,128.9603182,부산,,,,,,
이디야,부산미남역점,프렌차이즈,"부산광역시 동래구 아시아드대로 223, (온천동)",35.20400674,129.0667018,부산,,,,,,
GS25,사직보라점,편의점,"부산광역시 동래구 미남로 102, (온천동)",35.2029978,129.0696976,부산,,,,,,
탐앤탐스,부산사상점,프렌차이즈,"부산광역시 사상구 사상로 200, (괘법동)",35.16297633,128.9846319,부산,,,,,,
이디야,부산화명점,프렌차이즈,"부산광역시 북구 금곡대로285번길 22, (화명동)",35.23419218,129.0123419,부산,,,,,,
GS25,고관점,편의점,"부산광역시 동구 고관로 75, (수정동)",35.12594188,129.044442,부산,,,,,,
GS25,이기대점,편의점,"부산광역시 남구 이기대공원로12번길 1, (용호동)",35.12418576,129.1141092,부산,,,,,,
GS25,부산영주점,편의점,"부산광역시 중구 동영로 101, (영주동)",35.11296128,129.0329226,부산,,,,,,
GS25,부산미남점,편의점,"부산광역시 동래구 미남로 131, (온천동)",35.20582201,129.0693723,부산,,,,,,
GS25,동래대성점,편의점,"부산광역시 동래구 삼성대길 23, (명륜동)",35.20396967,129.0820542,부산,,,,,,
이디야,당리역점,프렌차이즈,"부산광역시 사하구 낙동대로 412, (당리동)",35.1039629,128.973293,부산,,,,,,
GS25,센텀뷰라움점,편의점,"부산광역시 해운대구 센텀2로 33, (우동)",35.16639859,129.1334552,부산,,,,,,
GS25,전포캐슬점,편의점,"부산광역시 부산진구 서전로47번길 59, (전포동)",35.16053241,129.064696,부산,,,,,,
GS25,센텀호텔점,편의점,"부산광역시 해운대구 센텀3로 20, (우동)",35.16782854,129.1328383,부산,,,,,,
GS25,수영광안점,편의점,"부산광역시 수영구 수영로702번길 18, (광안동)",35.16689794,129.1165685,부산,,,,,,
이디야,부산동의과학대점,프렌차이즈,"부산광역시 부산진구 양지로 54, (양정동)",35.1658651,129.0722518,부산,,,,,,
GS25,부경대점,편의점,"부산광역시 남구 용소로 46, (대연동)",35.13337513,129.100826,부산,,,,,,
GS25,화명메인점,편의점,"부산광역시 북구 금곡대로285번길 16, (화명동)",35.23415356,129.0126491,부산,,,,,,
GS25,초량중앙점,편의점,"부산광역시 동구 고관로13번길 46, (초량동)",35.12171037,129.0396595,부산,,,,,,
이디야,명륜역점,프렌차이즈,"부산광역시 동래구 온천장로 11, (온천동)",35.21333658,129.0788505,부산,,,,,,
GS25,화명코아점,편의점,"부산광역시 북구 금곡대로303번길 80, (화명동)",35.23616393,129.0093781,부산,,,,,,
이디야,해운대우동점,프렌차이즈,"부산광역시 해운대구 우동1로 82, (우동)",35.16848775,129.1565581,부산,,,,,,
GS25,구포역점,편의점,"부산광역시 북구 구포만세길 89, (구포동)",35.20597858,128.9971545,부산,,,,,,
이디야,구포사거리점,프렌차이즈,"부산광역시 북구 백양대로 1065, (구포동)",35.20028983,128.9972716,부산,,,,,,
GS25,온천보람점,편의점,"부산광역시 동래구 차밭골로 8, (온천동)",35.21589895,129.0805979,부산,,,,,,
GS25,광안목화점,편의점,"부산광역시 수영구 광안해변로 259, (민락동)",35.15552392,129.122263,부산,,,,,,
이디야,부산개금동점,프렌차이즈,"부산광역시 부산진구 가야대로 479, (개금동)",35.15348644,129.0246323,부산,,,,,,
이디야,초읍점,프렌차이즈,"부산광역시 부산진구 새싹로 283, (초읍동)",35.18131944,129.0470054,부산,,,,,,
GS25,편의점,편의점,"부산광역시 동구 중앙대로180번길 12, (초량동)",35.11288089,129.0402165,부산,,,,,,
이디야,광안점,프렌차이즈,"부산광역시 수영구 광남로 152, (광안동)",35.15475973,129.1181477,부산,,,,,,
GS25,신선대점,편의점,"부산광역시 남구 신선로 309-1, (용당동)",35.11381833,129.0954729,부산,,,,,,
GS25,동구수정점,편의점,"부산광역시 동구 수정로 12, (수정동)",35.12766245,129.045616,부산,,,,,,
이디야,부산진점,프렌차이즈,"부산광역시 동구 중앙대로371번길 9, (수정동)",35.12885996,129.0478586,부산,,,,,,
GS25,사하신평점,편의점,"부산광역시 사하구 장평로 303, (신평동)",35.09324432,128.973396,부산,,,,,,
GS25,부산강서점,편의점,"부산광역시 강서구 명지새동네길2번길 1, (명지동)",35.10850527,128.9309176,부산,,,,,,
GS25,사하구평점,편의점,"부산광역시 사하구 감천항로 187, (구평동)",35.07622939,128.9907488,부산,,,,,,
GS25,하단사하점,편의점,"부산광역시 사하구 하신중앙로 335, (하단동)",35.10546782,128.966587,부산,,,,,,
GS25,신평점,편의점,"부산광역시 사하구 신산로 195, (신평동)",35.08986538,128.976591,부산,,,,,,
GS25,감만현대점,편의점,"부산광역시 남구 우암로26번길 8, (감만동)",35.11297895,129.0825502,부산,,,,,,
이디야,부산역점,프렌차이즈,"부산광역시 동구 중앙대로 233, (초량동)",35.11812241,129.0407548,부산,,,,,,
GS25,가야드림점,편의점,"부산광역시 부산진구 가야대로 659, (가야동)",35.15633292,129.0438644,부산,,,,,,
이디야,부산범어사역점,프렌차이즈,"부산광역시 금정구 중앙대로 2120, (청룡동, 협성엠파이어)",35.27342052,129.0931221,부산,,,,,,
GS25,해운대비치점,편의점,"부산광역시 해운대구 구남로24번길 29, (우동)",35.16102792,129.15901,부산,,,,,,
GS25,한성기린점,편의점,"부산광역시 동구 중앙대로 514, (범일동, 한성기린)",35.13899371,129.0569646,부산,,,,,,
이디야,안락점,프렌차이즈,"부산광역시 동래구 충렬대로 429-3, (안락동)",35.196665,129.1053908,부산,,,,,,
GS25,대연사랑점,편의점,"부산광역시 남구 유엔로169번길 59, (대연동)",35.13293558,129.0946207,부산,,,,,,
GS25,해양대점,편의점,"부산광역시 영도구 태종로 730, (동삼동)",35.07084204,129.0791209,부산,,,,,,
GS25,괴정오성점,편의점,"부산광역시 사하구 다대로 72, (괴정동, 사하오성빌라맨션)",35.09664377,128.9777357,부산,,,,,,
GS25,다대비치점,편의점,"부산광역시 사하구 다대로 680, (다대동)",35.04816253,128.9668979,부산,,,,,,
GS25,부경대후문점,편의점,"부산광역시 남구 황령대로492번길 24, (대연동)",35.13779603,129.1063172,부산,,,,,,
GS25,유엔평화점,편의점,"부산광역시 남구 석포로 139, (대연동)",35.12962586,129.0918004,부산,,,,,,
GS25,아델리스점,편의점,"부산광역시 해운대구 마린시티3로 51, (우동)",35.15403208,129.1458612,부산,,,,,,
GS25,오륙도SK점,편의점,"부산광역시 남구 오륙도로 85, (용호동, 오륙도에스케이뷰아파트)",35.10213122,129.1167705,부산,,,,,,
GS25,엄궁동일점,편의점,"부산광역시 사상구 낙동대로 751, (엄궁동)",35.12846655,128.9694919,부산,,,,,,
GS25,서면롯데점,편의점,"부산광역시 부산진구 가야대로 773-3, (부전동)",35.15791987,129.0562874,부산,,,,,,
이디야,구서역점,프렌차이즈,"부산광역시 금정구 구서로 2, (구서동)",35.2468244,129.0907432,부산,,,,,,
이디야,범내골역점,프렌차이즈,"부산광역시 부산진구 범일로 184, (범천동)",35.14643399,129.0596288,부산,,,,,,
GS25,송정해안점,편의점,"부산광역시 해운대구 송정중앙로39번길 2-1, (송정동)",35.18217763,129.2048508,부산,,,,,,
GS25,동래대산점,편의점,"부산광역시 동래구 명륜로 65, (수안동)",35.19996648,129.0841864,부산,,,,,,
GS25,해운점,편의점,"부산광역시 해운대구 해운대로570번길 29, (우동)",35.16055771,129.15728,부산,,,,,,
GS25,구명역점,편의점,"부산광역시 북구 백양대로 1100, (구포동)",35.20270306,128.9997611,부산,,,,,,
GS25,대연중앙점,편의점,"부산광역시 남구 수영로 244, (대연동)",35.13494831,129.0933309,부산,,,,,,
GS25,남산참빛점,편의점,"부산광역시 금정구 남산로 30, (남산동)",35.26713041,129.0889601,부산,,,,,,
GS25,덕천대동점,편의점,"부산광역시 북구 만덕대로28번길 9, (덕천동)",35.21035552,129.0084985,부산,,,,,,
이디야,서면제일점,프렌차이즈,"부산광역시 부산진구 서전로10번길 36, (부전동)",35.15638433,129.0597468,부산,,,,,,
탐앤탐스,부산외대점,프렌차이즈,"부산광역시 금정구 남산로 36, (남산동)",35.26720884,129.0882577,부산,,,,,,
GS25,편의점,편의점,"부산광역시 사하구 감천로 46, (감천동)",35.09066831,128.9975474,부산,,,,,,
탐앤탐스,남포점,프렌차이즈,"부산광역시 중구 구덕로 43, (남포동4가)",35.09801548,129.0308695,부산,,,,,,
GS25,범천경남점,편의점,"부산광역시 부산진구 신암로 32, (범천동, 범천경남아파트)",35.14594584,129.0566924,부산,,,,,,
GS25,광안해변점,편의점,"부산광역시 수영구 광안해변로 229, (광안동)",35.15434524,129.1191079,부산,,,,,,
GS25,성심병원점,편의점,"부산광역시 북구 낙동대로1780번길 15, (구포동)",35.20946778,129.0046874,부산,,,,,,
이디야,수영강변점,프렌차이즈,"부산광역시 수영구 광안해변로 446, (민락동, 민락동센텀메르빌아파트)",35.16102451,129.1297914,부산,,,,,,
이디야,동광동점,프렌차이즈,"부산광역시 중구 해관로 14, (동광동1가)",35.10009956,129.035941,부산,,,,,,
이디야,부산초량역점,프렌차이즈,"부산광역시 동구 중앙대로274번길 7-3, 1동  (초량동, 부산역유림줄리엣)",35.12113291,129.0439198,부산,,,,,,
이디야,동아대점,프렌차이즈,"부산광역시 사하구 낙동대로 553-2, (하단동)",35.11313627,128.9635072,부산,,,,,,
탐앤탐스,광안리오션브릿지점,프렌차이즈,"부산광역시 수영구 광안해변로278번길 42, (민락동)",35.15398851,129.1245357,부산,,,,,,
GS25,주례여고점,편의점,"부산광역시 사상구 가야대로366번길 119, (주례동)",35.14578256,129.0135505,부산,,,,,,
이디야,부산장림세정아울렛점,프렌차이즈,"부산광역시 사하구 다대로 207, (장림동)",35.08374363,128.9778559,부산,,,,,,
GS25,양정동호점,편의점,"부산광역시 부산진구 연수로 54, (양정동)",35.17496332,129.0769711,부산,,,,,,
GS25,중구용두점,편의점,"부산광역시 중구 대청로138번길 9, (중앙동2가)",35.10206158,129.035242,부산,,,,,,
GS25,동래명장점,편의점,"부산광역시 동래구 명안로 78, (명장동)",35.20345257,129.1043846,부산,,,,,,
탐앤탐스,광안점,프렌차이즈,"부산광역시 수영구 광안해변로 225, (광안동)",35.1541494,129.1188418,부산,,,,,,
GS25,문현뜨래봄점,편의점,"부산광역시 남구 전포대로 17, (문현동, 보람뜨래봄)",35.1391735,129.0673038,부산,,,,,,
GS25,학장호연점,편의점,"부산광역시 사상구 학감대로123번길 67, (학장동, 삼정그린코아아파트)",35.14096897,128.9851459,부산,,,,,,
GS25,괘법점,편의점,"부산광역시 사상구 사상로 248-1, (괘법동)",35.16695045,128.9825392,부산,,,,,,
GS25,강서퀸덤점,편의점,"부산광역시 강서구 명지오션시티9로 21, (명지동)",35.08860693,128.899217,부산,,,,,,
GS25,부산대학사점,편의점,"부산광역시 금정구 부산대학로63번길 2, (장전동)",35.23210369,129.0838558,부산,,,,,,
GS25,기장궁전점,편의점,"부산광역시 기장군 기장읍 차성남로 13-6, 1동  (대라리, 금강궁전)",35.24197773,129.2099427,부산,,,,,,
GS25,남산점,편의점,"부산광역시 금정구 금샘로 526, (남산동)",35.26930722,129.0854502,부산,,,,,,
GS25,부경대연점,편의점,"부산광역시 남구 용소로19번길 54, (대연동, 닛시빌)",35.13678437,129.1035822,부산,,,,,,
GS25,트럼프월드점,편의점,"부산광역시 해운대구 센텀동로 9, (우동, 대우트럼프월드센텀)",35.16988702,129.1324827,부산,,,,,,
맥도날드,SKDT점,프렌차이즈,"부산광역시 수영구 연수로 411, (수영동)",35.16824342,129.1143476,부산,,,,,,
GS25,양정행복점,편의점,"부산광역시 부산진구 양성로 95, (양정동)",35.17373794,129.0615967,부산,,,,,,
GS25,사상광장점,편의점,"부산광역시 사상구 광장로 88, (괘법동)",35.1617276,128.9863292,부산,,,,,,
GS25,인터불고점,편의점,"부산광역시 서구 원양로 125, (암남동)",35.06424885,129.0126732,부산,,,,,,
GS25,부전경동파크점,편의점,"부산광역시 부산진구 새싹로 30, (부전동, 경동파크타워)",35.16062395,129.0573322,부산,,,,,,
GS25,남포역점,편의점,부산광역시 중구 중앙대로 17,35.09884506,129.0361226,부산,,,,,,
GS25,자갈치점,편의점,"부산광역시 중구 자갈치로47번길 5-5, (남포동5가)",35.09747092,129.0291846,부산,,,,,,
탐앤탐스,해운대마린시티점,프렌차이즈,"부산광역시 해운대구 마린시티3로 51, (우동)",35.15403208,129.1458612,부산,,,,,,
GS25,동부점,편의점,"부산광역시 동구 정공단로 27, (좌천동)",35.13578868,129.0544433,부산,,,,,,
이디야,부산과기대점,프렌차이즈,"부산광역시 북구 시랑로132번길 73, (구포동)",35.19441962,129.0062481,부산,,,,,,
GS25,동일타워점,편의점,"부산광역시 동구 조방로 14, (범일동)",35.13874742,129.0634796,부산,,,,,,
GS25,장림무지개점,편의점,"부산광역시 사하구 장림로93번길 77, (장림동)",35.07886404,128.9521716,부산,,,,,,
GS25,부산부암점,편의점,"부산광역시 부산진구 시민공원로19번길 36, (부암동)",35.16480144,129.0516893,부산,,,,,,
GS25,시남포광장점,편의점,"부산광역시 중구 비프광장로 19-1, (부평동1가)",35.09879317,129.0273915,부산,,,,,,
이디야,부산화명카이저점,프렌차이즈,"부산광역시 북구 금곡대로 166, (화명동, 화명롯데캐슬카이저)",35.22637807,129.0122339,부산,,,,,,
이디야,부경대후문점,프렌차이즈,"부산광역시 남구 수영로358번길 12, (대연동)",35.13885523,129.1048282,부산,,,,,,
GS25,해운대9점,편의점,"부산광역시 해운대구 재반로 208, (반여동)",35.19578877,129.1309753,부산,,,,,,
GS25,서동중앙점,편의점,"부산광역시 금정구 서동로175번길 25-4, (서동, 대영주택)",35.2153612,129.1071929,부산,,,,,,
GS25,영도개나리점,편의점,"부산광역시 영도구 개나리길 1, (영선동2가)",35.08653285,129.0433691,부산,,,,,,
GS25,가락타운점,편의점,"부산광역시 사하구 동매로 9, (하단동)",35.10381236,128.9593829,부산,,,,,,
GS25,구서역점,편의점,"부산광역시 금정구 금정로237번길 20, (구서동)",35.24652768,129.0916622,부산,,,,,,
GS25,서동점,편의점,"부산광역시 금정구 서동로 164, (서동)",35.21458374,129.1044804,부산,,,,,,
GS25,하단역점,편의점,"부산광역시 사하구 낙동남로 1416, (하단동, 부영)",35.10589161,128.96657,부산,,,,,,
GS25,해운오션점,편의점,"부산광역시 해운대구 해운대해변로209번길 8-3, (우동)",35.15935094,129.1543324,부산,,,,,,
GS25,장림마마점,편의점,"부산광역시 사하구 장평로41번길 19, (장림동, 벽산마마빌라)",35.06901163,128.9726148,부산,,,,,,
GS25,송도비치점,편의점,"부산광역시 서구 충무대로34번길 47, (암남동)",35.07669593,129.0171472,부산,,,,,,
이디야,문현동점,프렌차이즈,"부산광역시 남구 수영로 46, (문현동)",35.13631673,129.072336,부산,,,,,,
스타벅스,경성대점,프렌차이즈,"부산광역시 남구 수영로 312, (대연동)",35.13700038,129.1006444,부산,,,,,,
스타벅스,서면역점,프렌차이즈,"부산광역시 부산진구 서전로 1, (부전동)",35.15801433,129.0599216,부산,,,,,,
GS25,부산시청점,편의점,"부산광역시 연제구 시청로31번길 4, (연산동, 세화)",35.18139448,129.0734438,부산,,,,,,
스타벅스,하버타운점,프렌차이즈,"부산광역시 해운대구 해운대해변로 257, (우동)",35.15970683,129.15954,부산,,,,,,
스타벅스,해운대달맞이DT점,프렌차이즈,"부산광역시 해운대구 달맞이길 57, (중동)",35.16143752,129.1707822,부산,,,,,,
스타벅스,서면일번가점,프렌차이즈,"부산광역시 부산진구 서면로 25, (부전동)",35.1529624,129.0572989,부산,,,,,,
맥도날드,안락점,프렌차이즈,"부산광역시 동래구 충렬대로 311, (안락동)",35.19984047,129.0931895,부산,,,,,,
스타벅스,부산동대신역점,프렌차이즈,"부산광역시 서구 구덕로322번길 7, (동대신동3가)",35.11266525,129.0167603,부산,,,,,,
GS25,하단가락점,편의점,"부산광역시 사하구 하신번영로312번길 23, (하단동)",35.1087887,128.9604504,부산,,,,,,
스타벅스,부산온천장역점,프렌차이즈,"부산광역시 동래구 중앙대로 1523, (온천동)",35.22130754,129.0856015,부산,,,,,,
스타벅스,사상역점,프렌차이즈,"부산광역시 사상구 사상로 211, (괘법동)",35.16398668,128.9834256,부산,,,,,,
스타벅스,센텀시티점,프렌차이즈,"부산광역시 해운대구 센텀동로 9, (우동, 대우트럼프월드센텀)",35.16988702,129.1324827,부산,,,,,,
GS25,연산토곡점,편의점,"부산광역시 연제구 고분로 235, (연산동)",35.18467034,129.10805,부산,,,,,,
GS25,괴정일번지점,편의점,"부산광역시 사하구 낙동대로179번길 48, (괴정동)",35.09975763,128.9982613,부산,,,,,,
GS25,괴정점,편의점,"부산광역시 사하구 낙동대로 214, (괴정동)",35.10045496,128.9934767,부산,,,,,,
GS25,기장차성점,편의점,"부산광역시 기장군 기장읍 차성로 218, (대라리)",35.23677717,129.2135129,부산,,,,,,
맥도날드,시청점,프렌차이즈,"부산광역시 연제구 중앙대로 1031, (연산동)",35.18079461,129.077048,부산,,,,,,
스타벅스,부산송정비치점,프렌차이즈,"부산광역시 해운대구 송정해변로 36, (송정동)",35.18074292,129.2022826,부산,,,,,,
GS25,영도한진점,편의점,"부산광역시 영도구 태종로 232, (청학동)",35.09546046,129.0533645,부산,,,,,,
GS25,정관공단2호점,편의점,"부산광역시 기장군 정관읍 산단4로 39, (달산리)",35.31599068,129.1842115,부산,,,,,,
GS25,주례파크점,편의점,"부산광역시 사상구 진사로 42, (주례동)",35.14774337,129.0162087,부산,,,,,,
맥도날드,주례점,프렌차이즈,"부산광역시 사상구 가야대로 368, (주례동)",35.15100836,129.0127483,부산,,,,,,
버거킹,대연GS점,프렌차이즈,"부산광역시 남구 수영로 288, (대연동)",35.13611476,129.0979112,부산,,,,,,
맥도날드,부산기장DT점,프렌차이즈,"부산광역시 기장군 기장읍 기장대로 500, (청강리)",35.23968064,129.2205766,부산,,,,,,
스타벅스,해운대달맞이점,프렌차이즈,"부산광역시 해운대구 달맞이길 189, (중동)",35.15793626,129.1823224,부산,,,,,,
GS25,재송시영점,편의점,"부산광역시 해운대구 재송1로 57, (재송동)",35.18769713,129.123902,부산,,,,,,
스타벅스,부산다대포점,프렌차이즈,"부산광역시 사하구 다대로 708, (다대동)",35.04894119,128.9641996,부산,,,,,,
스타벅스,남포동점,프렌차이즈,"부산광역시 중구 구덕로 52-1, (남포동5가)",35.09845538,129.0300195,부산,,,,,,
GS25,동의과학대점,편의점,"부산광역시 부산진구 양지로 54, (양정동)",35.1658651,129.0722518,부산,,,,,,
맥도날드,화명동점,프렌차이즈,"부산광역시 북구 금곡대로 360, (화명동)",35.24047528,129.0144416,부산,,,,,,
GS25,부산금곡점,편의점,"부산광역시 북구 금곡대로636번길 19, (금곡동)",35.26368757,129.0163904,부산,,,,,,
맥도날드,동아대점,프렌차이즈,"부산광역시 사하구 낙동대로 548, (하단동)",35.1129661,128.9645035,부산,,,,,,
GS25,괘법덕포점,편의점,"부산광역시 사상구 사상로224번길 13, (괘법동)",35.16537836,128.984101,부산,,,,,,
맥도날드,메가마트남천점,프렌차이즈,"부산광역시 수영구 황령대로 521, (남천동)",35.13727529,129.1110176,부산,,,,,,
GS25,부평제일점,편의점,"부산광역시 중구 광복로 16-1, (부평동1가)",35.09931174,129.0268276,부산,,,,,,
탐앤탐스,해운대마린씨티점,프렌차이즈,"부산광역시 해운대구 마린시티1로 155, (우동, 해운대현대하이페리온아파트)",35.15724538,129.1482551,부산,,,,,,
GS25,화명도서관점,편의점,"부산광역시 북구 용당로 14, (화명동)",35.23187725,129.0089076,부산,,,,,,
GS25,남포중앙점,편의점,"부산광역시 중구 비프광장로 27-1, (남포동3가)",35.09893849,129.0283256,부산,,,,,,
GS25,덕포점,편의점,"부산광역시 사상구 삼덕로 28, (덕포동)",35.17402004,128.9799896,부산,,,,,,
GS25,온천신화점,편의점,"부산광역시 동래구 온천장로 24, (온천동)",35.21462815,129.0795706,부산,,,,,,
GS25,센텀수영점,편의점,"부산광역시 수영구 수영로 677, (광안동)",35.16627623,129.1145842,부산,,,,,,
맥도날드,사직점,프렌차이즈,"부산광역시 동래구 사직북로 1, (사직동)",35.19599273,129.0606234,부산,,,,,,
GS25,남천강안점,편의점,"부산광역시 수영구 수영로 481, (남천동, 화목타운)",35.14889989,129.1103963,부산,,,,,,
스타벅스,부산서면점,프렌차이즈,"부산광역시 부산진구 중앙대로692번길 46-10, (부전동)",35.15411487,129.0615722,부산,,,,,,
GS25,괴정스타점,편의점,"부산광역시 사하구 대티로1번길 49, (괴정동)",35.10530694,128.998669,부산,,,,,,
GS25,김해공항점,편의점,"부산광역시 강서구 공항진입로 108, (대저2동)",35.17273274,128.9457559,부산,,,,,,
GS25,일신기독병원점,편의점,"부산광역시 동구 정공단로 34, (좌천동)",35.1355159,129.0547141,부산,,,,,,
GS25,정관동일점,편의점,"부산광역시 기장군 정관읍 정관4로 24, (용수리, 동일스위트)",35.32504003,129.1703537,부산,,,,,,
맥도날드,연산SKDT점,프렌차이즈,"부산광역시 연제구 과정로 120, (연산동)",35.18228679,129.1074907,부산,,,,,,
맥도날드,부산서구DT점,프렌차이즈,"부산광역시 금정구 중앙대로 1957, (구서동)",35.25901755,129.0910165,부산,,,,,,
맥도날드,부산대학2호점,프렌차이즈,"부산광역시 금정구 금정로60번길 24, (장전동)",35.22952008,129.0875016,부산,,,,,,
GS25,구포로점,편의점,"부산광역시 북구 낙동대로 1692, (구포동)",35.2057512,128.996306,부산,,,,,,
맥도날드,부산영도DT점,프렌차이즈,"부산광역시 영도구 태종로 150, (봉래동3가)",35.09286929,129.0455116,부산,,,,,,
맥도날드,송정DT점,프렌차이즈,"부산광역시 해운대구 해운대로 1118, (송정동)",35.18513339,129.2022045,부산,,,,,,
GS25,민주전망대점,편의점,"부산광역시 중구 망양로 457, (영주동, 동남파크)",35.11530374,129.0330618,부산,,,,,,
스타벅스,센텀그린타워점,프렌차이즈,"부산광역시 해운대구 센텀중앙로 78, (우동)",35.17464313,129.1270267,부산,,,,,,
스타벅스,벡스코점,프렌차이즈,"부산광역시 해운대구 APEC로 55, (우동)",35.16907853,129.1360391,부산,,,,,,
스타벅스,범일동역점,프렌차이즈,"부산광역시 동구 범일로 125, (범일동)",35.14132309,129.0585969,부산,,,,,,
맥도날드,구남DT점,프렌차이즈,"부산광역시 북구 백양대로 1045, (구포동)",35.19880361,128.9960455,부산,,,,,,
스타벅스,남포동역점,프렌차이즈,"부산광역시 중구 구덕로 4, (광복동1가)",35.09832153,129.0351508,부산,,,,,,
맥도날드,부곡점,프렌차이즈,"부산광역시 금정구 수림로 12, (부곡동, 에스케이)",35.2405898,129.0924176,부산,,,,,,
GS25,노블리안점,편의점,"부산광역시 중구 중앙대로 80, (중앙동4가)",35.10482513,129.0367357,부산,,,,,,
탐앤탐스,부산대학교점,프렌차이즈,"부산광역시 금정구 산성로 872, (장전동)",35.235385,129.0675958,부산,,,,,,
맥도날드,당감점,프렌차이즈,"부산광역시 부산진구 동평로 91, (당감동)",35.16569025,129.0395713,부산,,,,,,
GS25,수영현대점,편의점,"부산광역시 수영구 무학로 57, (민락동)",35.16122133,129.1202448,부산,,,,,,
탐앤탐스,연산점,프렌차이즈,"부산광역시 연제구 월드컵대로 125, (연산동)",35.18524062,129.0818607,부산,,,,,,
스타벅스,부전역점,프렌차이즈,"부산광역시 부산진구 중앙대로 777, (부전동)",35.16185493,129.0619033,부산,,,,,,
GS25,문현대로점,편의점,"부산광역시 남구 수영로 88, (문현동)",35.1342792,129.076446,부산,,,,,,
GS25,연산스타점,편의점,"부산광역시 연제구 중앙천로 37, (연산동)",35.17820358,129.082558,부산,,,,,,
스타벅스,장산역점,프렌차이즈,"부산광역시 해운대구 해운대로 802, (좌동)",35.16917722,129.1766891,부산,,,,,,
스타벅스,하단역점,프렌차이즈,"부산광역시 사하구 승학로3번길 23, (하단동, 섬진1차)",35.10736541,128.9682657,부산,,,,,,
이디야,부민동아대점,프렌차이즈,"부산광역시 서구 구덕로 212, (부민동1가)",35.10361255,129.0202894,부산,,,,,,
GS25,부산범일점,편의점,"부산광역시 동구 조방로34번길 1, (범일동)",35.13992701,129.0615636,부산,,,,,,
GS25,신호부영점,편의점,"부산광역시 강서구 신호산단5로 31, (신호동, 부산신호사랑으로부영3차)",35.0853504,128.8749019,부산,,,,,,
맥도날드,부산온천SKDT,프렌차이즈,"부산광역시 동래구 충렬대로 123, (온천동)",35.20627465,129.0742434,부산,,,,,,
맥도날드,원동점,프렌차이즈,"부산광역시 동래구 충렬대로 486, (안락동)",35.19442387,129.1109386,부산,,,,,,
GS25,전포제일점,편의점,"부산광역시 부산진구 동천로 74, (전포동)",35.1552871,129.0625533,부산,,,,,,
스타벅스,부산초량점,프렌차이즈,"부산광역시 동구 중앙대로180번길 12-4, (초량동)",35.11277621,129.0398093,부산,,,,,,
GS25,구서역점,편의점,"부산광역시 금정구 중앙대로 1817-11, (구서동)",35.24649826,129.0919255,부산,,,,,,
맥도날드,좌동2호점,프렌차이즈,"부산광역시 해운대구 좌동순환로 310, (좌동)",35.16849818,129.1825521,부산,,,,,,
GS25,구포점,편의점,"부산광역시 북구 낙동대로1762번길 7, (구포동)",35.2090763,129.001893,부산,,,,,,
맥도날드,토곡점,프렌차이즈,"부산광역시 연제구 과정로 226, (연산동)",35.18819083,129.102553,부산,,,,,,
맥도날드,이마트연제점,프렌차이즈,"부산광역시 연제구 연수로 89, (연산동)",35.17616836,129.0813343,부산,,,,,,
GS25,영도영선점,편의점,"부산광역시 영도구 남항로 42, (영선동2가)",35.08844547,129.0410795,부산,,,,,,
GS25,구포만세점,편의점,"부산광역시 북구 시랑로141번길 37, (구포동)",35.19698902,129.0116056,부산,,,,,,
GS25,장안월내점,편의점,부산광역시 기장군 장안읍 해맞이로 379,35.32705147,129.2779255,부산,,,,,,
스타벅스,재능기부카페2호점,프렌차이즈,"부산광역시 부산진구 전포대로190번길 35, (전포동)",35.15365665,129.0675588,부산,,,,,,
스타벅스,센텀KNN점,프렌차이즈,"부산광역시 해운대구 센텀서로 30, (우동)",35.17207885,129.1284623,부산,,,,,,
스타벅스,롯데서면점,프렌차이즈,"부산광역시 부산진구 가야대로 772, (부전동)",35.15680985,129.0564377,부산,,,,,,
맥도날드,사상터미널점,프렌차이즈,"부산광역시 사상구 사상로 201, (괘법동)",35.16316794,128.9810119,부산,,,,,,
GS25,사상터미널점,편의점,"부산광역시 사상구 사상로 201, (괘법동)",35.16316794,128.9810119,부산,,,,,,
GS25,편의점,편의점,"부산광역시 해운대구 마린시티2로 33, (우동, 해운대두산위브더제니스)",35.1572236,129.1448413,부산,,,,,,
GS25,연산하나점,편의점,"부산광역시 연제구 중앙대로1054번길 28, (연산동)",35.18196457,129.0802912,부산,,,,,,
GS25,감만점,편의점,"부산광역시 남구 홍곡로 10, (감만동)",35.11595967,129.0818656,부산,,,,,,
GS25,크라운하버점,편의점,"부산광역시 중구 중앙대로 114, (중앙동4가)",35.10758247,129.0368474,부산,,,,,,
GS25,동아대점,편의점,"부산광역시 사하구 낙동대로516번길 56, (하단동)",35.11350228,128.9662211,부산,,,,,,
GS25,장림우주점,편의점,"부산광역시 사하구 장림번영로 32, (장림동)",35.08059788,128.9688485,부산,,,,,,
GS25,부산청룡점,편의점,"부산광역시 금정구 청룡로 23, (청룡동)",35.27544909,129.0900717,부산,,,,,,
스타벅스,부산대점,프렌차이즈,"부산광역시 금정구 금정로68번길 2, (장전동)",35.23064545,129.0866487,부산,,,,,,
GS25,괘법광장점,편의점,"부산광역시 사상구 광장로 77, (괘법동)",35.16263999,128.9849791,부산,,,,,,
나들가게,하나로슈퍼센터,편의점,"부산광역시 연제구 과정로 171, (연산동)",35.18671725,129.1069799,부산,,,,,,
GS25,연산자이점,편의점,"부산광역시 연제구 쌍미천로162번길 26, (연산동)",35.18696396,129.088713,부산,,,,,,
GS25,장림그린점,편의점,"부산광역시 사하구 장림로 118, (장림동)",35.08194073,128.9620876,부산,,,,,,
이디야,율리점,프렌차이즈,"부산광역시 북구 학사로 295, (금곡동)",35.24759741,129.0121459,부산,,,,,,
이디야,부산반여중앙점,프렌차이즈,"부산광역시 해운대구 선수촌로 74-11, (반여동)",35.20042733,129.1197177,부산,,,,,,
GS25,웅신시네마점,편의점,"부산광역시 해운대구 해운대로 802, (좌동)",35.16917722,129.1766891,부산,,,,,,
맥도날드,서면3호점,프렌차이즈,"부산광역시 부산진구 중앙대로692번길 33, (부전동)",35.15458768,129.0611064,부산,,,,,,
GS25,남천코오롱점,편의점,"부산광역시 수영구 수영로476번길 11, (남천동, 푸른별)",35.1483684,129.1113439,부산,,,,,,
GS25,장림하신점,편의점,"부산광역시 사하구 을숙도대로 570, (장림동)",35.08517435,128.9680582,부산,,,,,,
GS25,영광서점,편의점,"부산광역시 수영구 광서로 36, (광안동)",35.16468811,129.1108414,부산,,,,,,
맥도날드,홈에버해운대점,프렌차이즈,"부산광역시 해운대구 해운대해변로 140, (우동)",35.15841562,129.1465154,부산,,,,,,
GS25,다대삼거리점,편의점,"부산광역시 사하구 다송로 70, (다대동)",35.0616299,128.9836876,부산,,,,,,
GS25,안락아이존빌점,편의점,"부산광역시 동래구 충렬대로428번길 62, (안락동)",35.19402067,129.1037737,부산,,,,,,
GS25,케이프포인트점,편의점,"부산광역시 사하구 다대낙조2길 85, (다대동)",35.05292933,128.9614403,부산,,,,,,
GS25,온천장역점,편의점,"부산광역시 금정구 식물원로9번길 43, (장전동)",35.22221684,129.0857235,부산,,,,,,
스타벅스,부산교대역점,프렌차이즈,"부산광역시 연제구 명륜로 3, (거제동)",35.19650436,129.0812524,부산,,,,,,
맥도날드,남천점,프렌차이즈,"부산광역시 수영구 수영로464번길 6, (남천동)",35.14719467,129.1105707,부산,,,,,,
이디야,부산강서구청점,프렌차이즈,"부산광역시 강서구 대저로 270, (대저1동)",35.21281151,128.9816637,부산,,,,,,
GS25,사직금강점,편의점,"부산광역시 동래구 석사북로 51, (온천동)",35.20274553,129.0635445,부산,,,,,,
스타벅스,동래미남DT점,프렌차이즈,"부산광역시 동래구 충렬대로 101, (온천동)",35.20718628,129.0720699,부산,,,,,,
GS25,동의공대학사점,편의점,"부산광역시 부산진구 양지로 50, (전포동)",35.16609479,129.0717608,부산,,,,,,
GS25,부민점,편의점,"부산광역시 서구 임시수도기념로 9, (부민동2가)",35.10324148,129.0193964,부산,,,,,,
맥도날드,부산사직DT점,프렌차이즈,"부산광역시 동래구 아시아드대로 110, (사직동)",35.19441236,129.0671144,부산,,,,,,
GS25,대저프레쉬점,편의점,"부산광역시 강서구 대저로 153, (대저1동)",35.21507235,128.969565,부산,,,,,,
이디야,부산동명대점,프렌차이즈,"부산광역시 남구 신선로 428, (용당동)",35.12469852,129.1014004,부산,,,,,,
맥도날드,만덕점,프렌차이즈,"부산광역시 북구 만덕대로178번길 34, (만덕동)",35.21175663,129.0241338,부산,,,,,,
GS25,사하장평점,편의점,"부산광역시 사하구 장평로 17, (장림동)",35.06906986,128.9754661,부산,,,,,,
GS25,안락충렬점,편의점,"부산광역시 동래구 명안로18번길 3, (안락동)",35.19825925,129.1045339,부산,,,,,,
GS25,강서스타점,편의점,"부산광역시 강서구 신호산단4로64번가길 2, (신호동)",35.08525017,128.880033,부산,,,,,,
스타벅스,명지오션시티점,프렌차이즈,"부산광역시 강서구 명지오션시티11로 66, (명지동)",35.08404335,128.9031805,부산,,,,,,
GS25,서면대로점,편의점,"부산광역시 부산진구 중앙대로 713, (부전동)",35.15652672,129.0589255,부산,,,,,,
GS25,영도한진점,편의점,"부산광역시 영도구 맛자랑길 6, (청학동, 이즈플러스빌)",35.09535154,129.0534509,부산,,,,,,
맥도날드,부산범전DT점,프렌차이즈,"부산광역시 부산진구 중앙대로 823, (범전동)",35.1655109,129.0643767,부산,,,,,,
GS25,좌천대박점,편의점,"부산광역시 기장군 장안읍 좌천로 47, (좌천리)",35.31235583,129.2437044,부산,,,,,,
GS25,개금백병원점,편의점,"부산광역시 부산진구 복지로 85, (개금동)",35.14554182,129.0196821,부산,,,,,,
맥도날드,주례점,프렌차이즈,"부산광역시 사상구 가야대로 368, (주례동)",35.15100836,129.0127483,부산,,,,,,
이디야,망미역점,프렌차이즈,"부산광역시 수영구 연수로 335-1, (망미동)",35.17199445,129.1073291,부산,,,,,,
GS25,문현뜨래봄점,편의점,"부산광역시 남구 전포대로 17, (문현동, 보람뜨래봄)",35.13821872,129.0672255,부산,,,,,,
스타벅스,해운대점,프렌차이즈,"부산광역시 해운대구 구남로 49, (중동)",35.16017708,129.1622029,부산,,,,,,
GS25,재송코오롱점,편의점,"부산광역시 해운대구 재반로84번길 80, (재송동)",35.18779058,129.1293602,부산,,,,,,
GS25,범천경남점,편의점,"부산광역시 부산진구 신암로 34, (범천동)",35.14510245,129.0562425,부산,,,,,,
이디야,부산동의대국제관점,프렌차이즈,"부산광역시 부산진구 엄광로 176, (가야동)",35.14433688,129.0363367,부산,,,,,,
스타벅스,동의대역점,프렌차이즈,"부산광역시 부산진구 가야대로 589, (가야동)",35.1550013,129.0362304,부산,,,,,,
이디야,부산연산대로점,프렌차이즈,"부산광역시 연제구 월드컵대로164번길 7, (연산동)",35.18766721,129.0786209,부산,,,,,,
GS25,정관에이타워점,편의점,"부산광역시 기장군 정관읍 정관7로 17-3, (매학리)",35.32197414,129.1769852,부산,,,,,,
이디야,부산주례역점,프렌차이즈,"부산광역시 사상구 가야대로 278-1, (주례동)",35.15014286,129.0030138,부산,,,,,,
GS25,연산토곡남로점,편의점,"부산광역시 연제구 토곡남로 16, (연산동)",35.18153806,129.1055812,부산,,,,,,
GS25,자갈치시장점,편의점,"부산광역시 중구 자갈치로 74, (남포동4가)",35.09742633,129.0323098,부산,,,,,,
GS25,다대동사거리점,편의점,"부산광역시 사하구 윤공단로14번길 61, (다대동)",35.05754959,128.9698698,부산,,,,,,
이디야,부산책방골목점,프렌차이즈,"부산광역시 중구 대청로 63-1, (보수동1가)",35.10323085,129.0270632,부산,,,,,,
이디야,경마공원점,프렌차이즈,"부산광역시 강서구 가락대로 929, (범방동)",35.15465417,128.8819432,부산,,,,,,
GS25,정관방곡점,편의점,"부산광역시 기장군 정관읍 구연방곡로 83, (방곡리)",35.32485088,129.1888169,부산,,,,,,
GS25,다대캐슬점,편의점,"부산광역시 사하구 다송로 36, (다대동, 다대코오롱맨션)",35.06409634,128.9818863,부산,,,,,,
이디야,부산괴정대로점,프렌차이즈,"부산광역시 사하구 낙동대로 246, (괴정동, 화원레샹스)",35.09956244,128.9901864,부산,,,,,,
GS25,백양뜨란채점,편의점,"부산광역시 부산진구 백양산로53번길 79, (당감동)",35.17136828,129.0280401,부산,,,,,,
이디야,부산명지퀸덤점,프렌차이즈,"부산광역시 강서구 명지오션시티10로 16, (명지동, 영어도시퀸덤1차)",35.08642528,128.8968134,부산,,,,,,
스타벅스,서면트레이더스점,프렌차이즈,"부산광역시 부산진구 시민공원로 31, (부암동)",35.16391937,129.052578,부산,,,,,,
이디야,부산금강로점,프렌차이즈,"부산광역시 동래구 온천장로 87, (온천동)",35.21908121,129.0825732,부산,,,,,,
이디야,부산금곡점,프렌차이즈,"부산광역시 북구 효열로 214-1, (금곡동)",35.26315881,129.0192412,부산,,,,,,
GS25,광안해변로점,편의점,"부산광역시 수영구 광안해변로 157, (광안동)",35.14885138,129.1146977,부산,,,,,,
GS25,광안한바다점,편의점,"부산광역시 수영구 광안로21번가길 22, (광안동)",35.15666009,129.1163628,부산,,,,,,
이디야,부산시립미술관역점,프렌차이즈,"부산광역시 해운대구 해운대로383번길 5, (우동)",35.16953167,129.138658,부산,,,,,,
GS25,부암행복점,편의점,"부산광역시 부산진구 백양순환로 144, (부암동)",35.16794128,129.0409062,부산,,,,,,
GS25,기장도서관점,편의점,"부산광역시 기장군 기장읍 차성동로126번길 15, (동부리)",35.24910899,129.2178831,부산,,,,,,
GS25,괴정사남점,편의점,"부산광역시 사하구 장평로 422, (괴정동)",35.09641278,128.9851142,부산,,,,,,
GS25,부민캠퍼스점,편의점,"부산광역시 서구 구덕로 235, (부용동2가)",35.1056795,129.0199642,부산,,,,,,
GS25,연산쌍미천로점,편의점,"부산광역시 연제구 쌍미천로 58, (연산동, 연산훼미리타운)",35.17813137,129.0896052,부산,,,,,,
이디야,부산고신대병원점,프렌차이즈,"부산광역시 서구 감천로 247, (암남동)",35.08174226,129.0151812,부산,,,,,,
GS25,서면동원점,편의점,"부산광역시 부산진구 가야대로 749, (부전동)",35.15793494,129.0535217,부산,,,,,,
GS25,부대제일점,편의점,"부산광역시 금정구 금강로279번길 97-13, (장전동)",35.23602199,129.0831499,부산,,,,,,
이디야,부산광안비치점,프렌차이즈,"부산광역시 수영구 남천바다로 40, (남천동)",35.14807931,129.114358,부산,,,,,,
스타벅스,부산프리미엄점,프렌차이즈,"부산광역시 기장군 장안읍 정관로 1133, (좌천리)",35.32374828,129.2349705,부산,,,,,,
GS25,해운레미안점,편의점,"부산광역시 해운대구 좌동순환로412번길 5, (중동)",35.16249189,129.1754623,부산,,,,,,
GS25,부암동평로점,편의점,"부산광역시 부산진구 동평로 193, (부암동)",35.16783999,129.049511,부산,,,,,,
이디야,부산자갈치역점,프렌차이즈,"부산광역시 중구 자갈치로47번길 6-1, (남포동5가)",35.09778321,129.0295614,부산,,,,,,
스타벅스,부산재송DT점,프렌차이즈,부산광역시 해운대구 해운대로 185-8,35.18121407,129.1241311,부산,,,,,,
스타벅스,동부산DT점,프렌차이즈,부산광역시 기장군 기장읍 기장해안로 54,35.18407201,129.2110271,부산,,,,,,
GS25,동래SK점,편의점,"부산광역시 동래구 중앙대로1381번길 49, (온천동)",35.2112327,129.0752093,부산,,,,,,
이디야,부산영도동삼동점,프렌차이즈,"부산광역시 영도구 중리로 46-8, (동삼동)",35.07491859,129.0686923,부산,,,,,,
이디야,부산남산중앙점,프렌차이즈,"부산광역시 금정구 금강로 694, (남산동, 거성리젠시)",35.26942428,129.0894744,부산,,,,,,
맥도날드,부산엄궁DT점,프렌차이즈,"부산광역시 사상구 낙동대로 745, (엄궁동)",35.12813832,128.9688297,부산,,,,,,
GS25,서면경암점,편의점,"부산광역시 부산진구 중앙대로 686, (부전동)",35.15395171,129.0596165,부산,,,,,,
스타벅스,을숙도강변DT점,프렌차이즈,"부산광역시 사하구 하신번영로 381-6, (하단동)",35.11544751,128.95964,부산,,,,,,
이디야,대연평화점,프렌차이즈,"부산광역시 남구 유엔평화로 31, (대연동, 플러스빌)",35.13219007,129.0923284,부산,,,,,,
GS25,부곡쌍용점,편의점,"부산광역시 금정구 수림로 17, (부곡동)",35.23939003,129.0905228,부산,,,,,,
이디야,안락교차로점,프렌차이즈,"부산광역시 동래구 충렬대로 353, (안락동)",35.19862858,129.0976207,부산,,,,,,
GS25,동주대후문점,편의점,"부산광역시 사하구 승학로 281, (괴정동, 원광)",35.10264023,128.9952034,부산,,,,,,
GS25,오션타워점,편의점,"부산광역시 해운대구 해운대해변로 203, (우동)",35.15880588,129.1538308,부산,,,,,,
GS25,모라우성점,편의점,"부산광역시 사상구 백양대로 916, (모라동)",35.18688837,128.9915081,부산,,,,,,
GS25,연산실버점,편의점,"부산광역시 연제구 과정로 76, (연산동)",35.17817719,129.107413,부산,,,,,,
맥도날드,원동점,프렌차이즈,"부산광역시 동래구 충렬대로 486, (안락동)",35.19442387,129.1109386,부산,,,,,,
GS25,까치고개점,편의점,"부산광역시 사하구 까치고개로 6, (괴정동)",35.10323203,129.0032395,부산,,,,,,
GS25,화명낙천대점,편의점,"부산광역시 북구 금곡대로303번길 22, (화명동)",35.23576678,129.0126801,부산,,,,,,
GS25,못골제일점,편의점,"부산광역시 남구 못골번영로40번길 25, (대연동)",35.13876871,129.090496,부산,,,,,,
버거킹,연산RFS점,프렌차이즈,"부산광역시 연제구 중앙대로 1087, (연산동)",35.18503715,129.0804197,부산,,,,,,
이디야,부산청룡점,프렌차이즈,"부산광역시 금정구 청룡로 68, (청룡동)",35.27550167,129.085225,부산,,,,,,
스타벅스,광안비치점,프렌차이즈,"부산광역시 수영구 광안로62번길 39, (광안동)",35.15310493,129.117741,부산,,,,,,
GS25,수정서로점,편의점,"부산광역시 동구 수정서로 8, (수정동)",35.13035826,129.0424027,부산,,,,,,
이디야,서부산유통지구점,프렌차이즈,"부산광역시 강서구 유통단지1로 53, (대저2동)",35.1670445,128.9549986,부산,,,,,,
GS25,토곡양지점,편의점,"부산광역시 연제구 과정로191번길 39, (연산동)",35.1860365,129.1065095,부산,,,,,,
GS25,서구삼익점,편의점,"부산광역시 서구 대영로73번길 39, (동대신동2가, 삼익)",35.11269466,129.0186255,부산,,,,,,
버거킹,해운대신도시1호점,프렌차이즈,"부산광역시 해운대구 좌동순환로 310, (좌동)",35.16849818,129.1825521,부산,,,,,,
GS25,편의점,편의점,"부산광역시 중구 광복중앙로 19, (신창동1가)",35.10106441,129.0306117,부산,,,,,,
GS25,자갈치역점,편의점,"부산광역시 서구 시약로 28-1, (서대신동3가)",35.11233338,129.0090115,부산,,,,,,
GS25,센텀삼익점,편의점,"부산광역시 해운대구 해운대로61번가길 6, (재송동, 삼익)",35.19078464,129.121441,부산,,,,,,
GS25,서동정문점,편의점,"부산광역시 금정구 반송로 355, (서동)",35.21058531,129.1050632,부산,,,,,,
GS25,해운스카이점,편의점,"부산광역시 해운대구 재반로152번길 8-7, (재송동)",35.19129588,129.1285084,부산,,,,,,
GS25,S연산역점,편의점,부산광역시 연제구 중앙대로 1017,35.17979761,129.0766506,부산,,,,,,
GS25,부흥사거리점,편의점,"부산광역시 해운대구 좌동순환로 237, (좌동)",35.174629,129.1805551,부산,,,,,,
이디야,수영현대점,프렌차이즈,"부산광역시 수영구 구락로10번길 23, (수영동)",35.16902955,129.1209776,부산,,,,,,
GS25,S토성역점,편의점,부산광역시 서구 구덕로 170,35.10072304,129.0198147,부산,,,,,,
GS25,구서SK점,편의점,"부산광역시 금정구 금샘로246번길 18, (구서동, 구서에스케이뷰1단지)",35.24392467,129.0854304,부산,,,,,,
GS25,지사공단점,편의점,"부산광역시 강서구 과학산단2로20번길 2, (지사동)",35.15042582,128.8310391,부산,,,,,,
스타벅스,서면NC점,프렌차이즈,"부산광역시 부산진구 동천로 92, (전포동)",35.15704958,129.0630372,부산,,,,,,
GS25,S장산역점,편의점,부산광역시 해운대구 해운대로 820,35.16994963,129.1769747,부산,,,,,,
GS25,괴정사거리점,편의점,"부산광역시 사하구 사하로 139-1, (괴정동)",35.09438385,128.9929425,부산,,,,,,
스타벅스,사직구장점,프렌차이즈,"부산광역시 동래구 사직북로 4, (사직동)",35.19628352,129.0613848,부산,,,,,,
이디야,구포역점,프렌차이즈,"부산광역시 북구 구포만세길 115, (구포동, 효산벨루스)",35.2068721,128.9981099,부산,,,,,,
GS25,강서대로점,편의점,"부산광역시 강서구 낙동남로 706, (녹산동)",35.12047278,128.8930064,부산,,,,,,
GS25,영도봉래시장점,편의점,"부산광역시 영도구 태종로99번길 22, (봉래동2가)",35.09237287,129.0424455,부산,,,,,,
이디야,부산진점,프렌차이즈,"부산광역시 동구 중앙대로 371, (수정동)",35.12876471,129.0484499,부산,,,,,,
GS25,대림해운대점,편의점,"부산광역시 해운대구 대천로103번길 9, (좌동, 대림아파트)",35.17483375,129.1724673,부산,,,,,,
스타벅스,을숙도강변DT점,프렌차이즈,"부산광역시 사하구 하신번영로 381-6, (하단동)",35.11537601,128.9595623,부산,,,,,,
탐앤탐스,부산송도해수욕장점,프렌차이즈,"부산광역시 서구 송도해변로 57, (암남동)",35.07412993,129.0157119,부산,,,,,,
GS25,S해운대역점,편의점,"부산광역시 해운대구 해운대로 620, (우동)",35.16298,129.1584779,부산,,,,,,
GS25,경성부경대역점,편의점,"부산광역시 남구 수영로 324, B동  (대연동, 리마크빌대연)",35.13757889,129.1004656,부산,,,,,,
GS25,자갈치지하철역,편의점,"부산광역시 중구 구덕로 80, (남포동6가)",35.09777673,129.0271374,부산,,,,,,
스타벅스,금련산역점,프렌차이즈,"부산광역시 수영구 수영로464번길 6, (남천동)",35.14719467,129.1105707,부산,,,,,,
맥도날드,홈플러스가야점,프렌차이즈,"부산광역시 부산진구 가야대로 506, (가야동)",35.15248097,129.0273415,부산,,,,,,
GS25,명지뉴타워점,편의점,"부산광역시 강서구 명지국제8로 245, (명지동)",35.09842177,128.9198569,부산,,,,,,
GS25,광안수영로점,편의점,"부산광역시 수영구 수영로594번길 90, (광안동)",35.15805819,129.1182148,부산,,,,,,
스타벅스,수영역점,프렌차이즈,"부산광역시 수영구 수영로 671, (광안동)",35.16577222,129.1145005,부산,,,,,,
이디야,지사점,프렌차이즈,"부산광역시 강서구 과학산단2로20번길 11, (지사동, 명진파크뷰)",35.15090697,128.8318562,부산,,,,,,
스타벅스,부산재송DT,프렌차이즈,"부산광역시 해운대구 해운대로 189, (재송동)",35.18126036,129.124,부산,,,,,,
GS25,영주동아햇살,편의점,"부산광역시 중구 영주로 73, (영주동, 동아아파트)",35.1136712,129.0300025,부산,,,,,,
GS25,감전대동점,편의점,"부산광역시 사상구 대동로 313, (감전동)",35.15536899,128.9867902,부산,,,,,,
버거킹,해운대비치점,프렌차이즈,"부산광역시 해운대구 구남로 27, (중동)",35.16177581,129.1609195,부산,,,,,,
GS25,사상공주점,편의점,"부산광역시 사상구 광장로 102, (괘법동)",35.1619314,128.9878683,부산,,,,,,
GS25,부산문전점,편의점,"부산광역시 남구 전포대로 108, (문현동)",35.1463686,129.0670795,부산,,,,,,
GS25,기장우신점,편의점,"부산광역시 기장군 기장읍 청강로 76, (청강리, 우신네오빌)",35.23843859,129.2230739,부산,,,,,,
GS25,명장삼거리점,편의점,"부산광역시 동래구 시실로 206, (명장동)",35.20616224,129.1008081,부산,,,,,,
GS25,남천역점,편의점,"부산광역시 수영구 수영로 396, (남천동)",35.14161423,129.1077076,부산,,,,,,
GS25,명지오션시티점,편의점,"부산광역시 강서구 명지오션시티4로 90, (명지동)",35.08094175,128.9032779,부산,,,,,,
GS25,초읍성지곡점,편의점,"부산광역시 부산진구 월드컵대로472번길 70, (초읍동)",35.18525617,129.0483185,부산,,,,,,
GS25,연산큐브아이점,편의점,"부산광역시 연제구 거제천로230번길 71, (연산동)",35.18868114,129.08318,부산,,,,,,
GS25,신창점,편의점,"부산광역시 중구 광복중앙로 15, (신창동1가)",35.10074774,129.0307503,부산,,,,,,
GS25,뉴괴정일번지점,편의점,"부산광역시 사하구 사리로7번길 27, (괴정동)",35.09976385,128.9986014,부산,,,,,,
GS25,달산원룸점,편의점,"부산광역시 기장군 정관읍 달산3길 18, (달산리)",35.31760705,129.1820686,부산,,,,,,
GS25,광안한빛점,편의점,"부산광역시 수영구 수영로 639, (광안동)",35.16289229,129.1140111,부산,,,,,,
GS25,감천한우리점,편의점,"부산광역시 사하구 원양로 402, (감천동)",35.08635663,129.0055442,부산,,,,,,
GS25,해양대기숙사점,편의점,"부산광역시 영도구 태종로 727, (동삼동)",35.07440846,129.0875448,부산,,,,,,
GS25,대림쌍용점,편의점,"부산광역시 북구 화명신도시로 39, (화명동, 대림쌍용강변타운)",35.22640301,129.0070822,부산,,,,,,
GS25,주례원룸점,편의점,"부산광역시 사상구 가야대로330번길 67, (주례동)",35.14777374,129.009339,부산,,,,,,
GS25,만덕대성점,편의점,"부산광역시 북구 덕천로259번길 30, (만덕동, 대성타워)",35.21182519,129.0351507,부산,,,,,,
GS25,부산광안점,편의점,"부산광역시 수영구 장대골로45번길 5, (광안동, 정원스카이)",35.15928995,129.1087484,부산,,,,,,
GS25,R부경3점,편의점,"부산광역시 강서구 가락대로 929, (범방동)",35.15465417,128.8819432,부산,,,,,,
GS25,부산대병원점,편의점,"부산광역시 서구 까치고개로197번길 25, (아미동2가)",35.10104139,129.0173289,부산,,,,,,
GS25,부산대학사점,편의점,"부산광역시 금정구 부산대학로 63, (장전동)",35.2314136,129.0844179,부산,,,,,,
GS25,초량차이나타운점,편의점,"부산광역시 동구 중앙대로195번가길 3, (초량동)",35.1153318,129.0382181,부산,,,,,,
GS25,좌동삼성점,편의점,"부산광역시 해운대구 세실로 174, (좌동, 삼성)",35.17908587,129.1773589,부산,,,,,,
GS25,우동자이점,편의점,"부산광역시 해운대구 해운대로 435, (우동)",35.16492082,129.1429953,부산,,,,,,
GS25,R부산연제4점,편의점,"부산광역시 연제구 월드컵대로164번길 26, (연산동)",35.18777782,129.079358,부산,,,,,,
GS25,반여선수촌로점,편의점,"부산광역시 해운대구 선수촌로 85-1, (반여동)",35.20135201,129.1191484,부산,,,,,,
GS25,동의대정보관점,편의점,"부산광역시 부산진구 엄광로 176, (가야동)",35.14433688,129.0363367,부산,,,,,,
GS25,구포동성점,편의점,"부산광역시 북구 모분재로 103, (구포동)",35.19879379,129.0081249,부산,,,,,,
이디야,부산중동역점,프렌차이즈,"부산광역시 해운대구 좌동로10번길 31, (중동)",35.16737955,129.170582,부산,,,,,,
GS25,대연베스트점,편의점,"부산광역시 남구 용소로 10, (대연동)",35.1363174,129.1004157,부산,,,,,,
GS25,해운후레쉬점,편의점,"부산광역시 해운대구 구남로 22, (우동)",35.16194813,129.1598682,부산,,,,,,
GS25,기장의학원위성점,편의점,"부산광역시 기장군 장안읍 좌동길 40, (좌동리)",35.32185837,129.2443558,부산,,,,,,
GS25,황령힐사이드점,편의점,"부산광역시 수영구 황령산로7번길 4, (남천동)",35.14745939,129.1092245,부산,,,,,,
GS25,지사휴먼시아점,편의점,"부산광역시 강서구 과학산단2로20번길 35, (지사동, 부산지사휴먼시아)",35.15103332,128.8357646,부산,,,,,,
GS25,영도오션점,편의점,"부산광역시 영도구 태종로 107, (영선동1가)",35.09132453,129.0427612,부산,,,,,,
GS25,푸르지오시티점,편의점,"부산광역시 해운대구 해운대해변로298번길 29, (중동)",35.16098812,129.1669122,부산,,,,,,
GS25,좌동코오롱점,편의점,"부산광역시 해운대구 대천로 38, (중동)",35.17035337,129.1697245,부산,,,,,,
GS25,영선로터리점,편의점,"부산광역시 영도구 절영로 118-2, (영선동3가)",35.08528214,129.0420592,부산,,,,,,
GS25,안락SK점,편의점,"부산광역시 동래구 충렬대로459번길 40, (안락동)",35.19643995,129.1102852,부산,,,,,,
GS25,서구어시장점,편의점,"부산광역시 서구 충무대로 158, (남부민동)",35.08465206,129.0250319,부산,,,,,,
GS25,광안대로점,편의점,"부산광역시 수영구 연수로382번길 4, (광안동)",35.16982205,129.1112735,부산,,,,,,
GS25,사직삼익점,편의점,"부산광역시 동래구 석사로17번길 47, (사직동)",35.20022494,129.0600854,부산,,,,,,
GS25,연제데시앙점,편의점,"부산광역시 연제구 대리로 3, (연산동)",35.18116307,129.084244,부산,,,,,,
GS25,부산대푸르지오점,편의점,"부산광역시 금정구 중앙대로 1617-12, (부곡동, 부곡동푸르지오)",35.2297625,129.0906137,부산,,,,,,
GS25,정관더원점,편의점,"부산광역시 기장군 정관읍 정관8로 14, (매학리)",35.32291561,129.1774937,부산,,,,,,
GS25,정관캐스빌점,편의점,"부산광역시 기장군 정관읍 정관로 545, (용수리, 정관이진캐스빌1차)",35.32223832,129.1748444,부산,,,,,,
GS25,정관주민점,편의점,"부산광역시 기장군 정관읍 정관로 495, (용수리)",35.32590223,129.170674,부산,,,,,,
GS25,정관이지3차점,편의점,"부산광역시 기장군 정관읍 정관로 350, (모전리, 이지더원3차)",35.33582383,129.1643823,부산,,,,,,
이디야,부산구포도서관점,프렌차이즈,"부산광역시 북구 백양대로1016번길 28, 나동  (구포동, 삼정골드빌라)",35.1959974,128.9963956,부산,,,,,,
GS25,화명맥켄지점,편의점,"부산광역시 북구 금곡대로 133, (덕천동)",35.22100668,129.0078064,부산,,,,,,
GS25,괘법공원점,편의점,"부산광역시 사상구 사상로202번길 39, (괘법동)",35.16399069,128.9862577,부산,,,,,,
GS25,S센텀시티역점,편의점,부산광역시 해운대구 센텀남대로 76,35.16929301,129.1323866,부산,,,,,,
GS25,금곡뜨란채점,편의점,"부산광역시 북구 효열로37번길 22, (금곡동)",35.24974938,129.0135023,부산,,,,,,
GS25,민락수변공원점,편의점,"부산광역시 수영구 민락수변로 95, (민락동)",35.15476591,129.1310768,부산,,,,,,
GS25,송정해변로점,편의점,"부산광역시 해운대구 송정광어골로 24, (송정동)",35.17915681,129.1977031,부산,,,,,,
GS25,주례무지개점,편의점,"부산광역시 사상구 주례로 93, (주례동, 현대무지개타운)",35.1449793,129.0050136,부산,,,,,,
GS25,뉴강서역점,편의점,"부산광역시 강서구 대저로 275, (대저1동)",35.21277984,128.9822344,부산,,,,,,
GS25,서면이비스점,편의점,"부산광역시 부산진구 중앙대로 777, (부전동)",35.16185493,129.0619033,부산,,,,,,
GS25,해운베니키아점,편의점,"부산광역시 해운대구 해운대해변로 317, (중동)",35.16226995,129.164845,부산,,,,,,
GS25,연제브라운점,편의점,"부산광역시 연제구 중앙천로19번길 50, (연산동)",35.17696511,129.0809387,부산,,,,,,
GS25,하단아트몰링점,편의점,"부산광역시 사하구 낙동남로 1413, (하단동)",35.10669528,128.9663931,부산,,,,,,
GS25,국제외고점,편의점,"부산광역시 해운대구 해운대로469번길 8, (우동)",35.16368577,129.1449209,부산,,,,,,
GS25,뉴부산시청점,편의점,"부산광역시 연제구 시청로32번길 4, (연산동)",35.18177629,129.0740966,부산,,,,,,
이디야,부산센텀재송점,프렌차이즈,"부산광역시 해운대구 해운대로76번길 44, (재송동)",35.19004234,129.1178843,부산,,,,,,
스타벅스,연산시티타워점,프렌차이즈,"부산광역시 연제구 중앙대로 1125, (연산동)",35.18807241,129.0806905,부산,,,,,,
GS25,다대해송점,편의점,"부산광역시 사하구 다대로 440, (다대동)",35.06378376,128.9792952,부산,,,,,,
GS25,만덕한신,편의점,"부산광역시 북구 함박봉로140번길 8, (만덕동)",35.2047154,129.0327872,부산,,,,,,
탐앤탐스,사상점,프렌차이즈,"부산광역시 사상구 사상로 200, (괘법동)",35.16297633,128.9846319,부산,,,,,,
GS25,괴정한일점,편의점,"부산광역시 사하구 오작로 145, (괴정동)",35.10393127,129.0058806,부산,,,,,,
GS25,동부산대학교점,편의점,"부산광역시 해운대구 운봉길 60, (반송동)",35.23275522,129.1490545,부산,,,,,,
이디야,부산거제메르디앙점,프렌차이즈,"부산광역시 연제구 세병로 80, (거제동)",35.19557112,129.0827993,부산,,,,,,
GS25,사직삼정점,편의점,"부산광역시 동래구 사직로 8, (사직동, 사직역삼정그린코아더베스트1차)",35.19717767,129.0642626,부산,,,,,,
스타벅스,동명대DT점,프렌차이즈,"부산광역시 남구 신선로 423, (용당동)",35.12311634,129.0989435,부산,,,,,,
GS25,모라우성점,편의점,"부산광역시 사상구 백양대로 906, (모라동, 우성)",35.18848676,128.9922522,부산,,,,,,
GS25,기장청강점,편의점,"부산광역시 기장군 기장읍 차성남로 91, (청강리)",35.24136236,129.2182726,부산,,,,,,
이디야,부산복천점,프렌차이즈,"부산광역시 동래구 복천로 8, (복천동)",35.20554968,129.0867975,부산,,,,,,
GS25,남포역점,편의점,"부산광역시 중구 중앙대로 2, (중앙동7가)",35.09832607,129.0367302,부산,,,,,,
GS25,토성경남점,편의점,"부산광역시 서구 구덕로186번길 5, (토성동3가)",35.10134227,129.0201405,부산,,,,,,
GS25,수영하나점,편의점,"부산광역시 수영구 무학로 21, (광안동)",35.16173537,129.1163114,부산,,,,,,
스타벅스,금련산역점,프렌차이즈,"부산광역시 수영구 수영로 460, (남천동)",35.14681724,129.1104449,부산,,,,,,
GS25,사상모라점,편의점,"부산광역시 사상구 사상로531번길 12, (모라동)",35.19213694,128.9890025,부산,,,,,,
이디야,부산하단가락타운점,프렌차이즈,"부산광역시 사하구 동매로 23, (하단동)",35.10379872,128.9611049,부산,,,,,,
GS25,만덕도서관점,편의점,"부산광역시 북구 은행나무로 15, (만덕동)",35.20808125,129.0376292,부산,,,,,,
이디야,명지초교점,프렌차이즈,"부산광역시 강서구 명지국제6로 306, (명지동)",35.10291495,128.9240535,부산,,,,,,
이디야,부산장전서희점,프렌차이즈,"부산광역시 금정구 수림로20번길 27, (부곡동)",35.24094328,129.090203,부산,,,,,,
스타벅스,국제시장점,프렌차이즈,"부산광역시 중구 대청로 80, (대청동3가)",35.10279413,129.0286043,부산,,,,,,
맥도날드,부산남천DT점,프렌차이즈,"부산광역시 수영구 수영로 470, (남천동)",35.14789595,129.1107668,부산,,,,,,
GS25,부산타워점,편의점,"부산광역시 중구 대청로116번길 13, (광복동2가)",35.10185211,129.0323217,부산,,,,,,
GS25,당리제석로점,편의점,"부산광역시 사하구 제석로18번길 77, (당리동)",35.10252294,128.9752502,부산,,,,,,
스타벅스,자갈치역점,프렌차이즈,"부산광역시 중구 구덕로 54-1, (남포동5가)",35.09839471,129.0297336,부산,,,,,,
GS25,연산연동로점,편의점,"부산광역시 연제구 과정로343번길 14, (연산동)",35.19038092,129.089637,부산,,,,,,
GS25,영도제일점,편의점,"부산광역시 영도구 동삼로 47, (동삼동, 대성타워)",35.07766264,129.070307,부산,,,,,,
GS25,대신클로버점,편의점,"부산광역시 서구 대신로 37, (서대신동3가)",35.11387633,129.0120692,부산,,,,,,
스타벅스,동명대DT점,프렌차이즈,"부산광역시 남구 신선로 423, (용당동)",35.1231523,129.098955,부산,,,,,,
GS25,부경제일점,편의점,"부산광역시 남구 수영로322번길 53, (대연동)",35.13568358,129.1027115,부산,,,,,,
GS25,명지대방2호점,편의점,"부산광역시 강서구 명지국제5로 11, (명지동, 명지대방노블랜드오션뷰2차)",35.09529828,128.9192735,부산,,,,,,
GS25,서동센터점,편의점,"부산광역시 금정구 서부로 37, (서동)",35.21695867,129.1020302,부산,,,,,,
GS25,연제퀸즈점,편의점,"부산광역시 연제구 연제로 7, (연산동, 시청역퀸즈더블유)",35.17590911,129.0780594,부산,,,,,,
GS25,S부산해운대역점,편의점,부산광역시 해운대구 해운대로 626,35.16366107,129.1588936,부산,,,,,,
GS25,감만현대점,편의점,"부산광역시 남구 우암로26번가길 8, (감만동)",35.11422723,129.0840806,부산,,,,,,
이마트 24,24해운대신라스테이점,편의점,"부산광역시 해운대구 해운대로570번길 46, (우동)",35.15982244,129.1587624,부산,,,,,,
GS25,연제애비뉴2차점,편의점,"부산광역시 연제구 시청로 12, (연산동, 부산더샵시티애비뉴2차)",35.18136964,129.0762431,부산,,,,,,
GS25,안남사랑점,편의점,"부산광역시 동래구 안남로 89-1, (안락동)",35.19365042,129.1018691,부산,,,,,,
GS25,동아대병원점,편의점,"부산광역시 서구 보수대로 268, (동대신동3가)",35.11793027,129.0166611,부산,,,,,,
GS25,부산회동점,편의점,"부산광역시 금정구 개좌로 264, (회동동)",35.23137781,129.1268221,부산,,,,,,
GS25,S부산자갈치역점,편의점,"부산광역시 중구 구덕로 80, (남포동6가)",35.09777673,129.0271374,부산,,,,,,
GS25,대연레미안점,편의점,"부산광역시 남구 수영로208번길 15, (대연동, 대동레미안7차)",35.13424236,129.0896456,부산,,,,,,
GS25,청사포점,편의점,"부산광역시 해운대구 청사포로 129, (중동)",35.16101634,129.1927065,부산,,,,,,
GS25,좌동센터점,편의점,"부산광역시 해운대구 대천로106번길 15, (좌동)",35.17442409,129.1747448,부산,,,,,,
GS25,연제데시앙점,편의점,"부산광역시 연제구 월드컵대로 74, (연산동)",35.18108274,129.0841551,부산,,,,,,
GS25,명지휴포레점,편의점,"부산광역시 강서구 명지국제11로 25, (명지동)",35.1048469,128.9213002,부산,,,,,,
GS25,해운주유소점,편의점,"부산광역시 해운대구 해운대로573번길 16, (우동)",35.16188946,129.1546866,부산,,,,,,
버거킹,부산센텀오일뱅크점,프렌차이즈,"부산광역시 해운대구 해운대로 179, (재송동)",35.18175183,129.1234908,부산,,,,,,
GS25,서면중앙대로점,편의점,"부산광역시 부산진구 중앙대로 712-1, (부전동)",35.15638664,129.0594835,부산,,,,,,
이디야,부산하단가락1단지점,프렌차이즈,"부산광역시 사하구 하신번영로 320, (하단동, 옥돌골든아르빌)",35.10923158,128.9591612,부산,,,,,,
버거킹,우동점,프렌차이즈,"부산광역시 해운대구 해운대로452번길 16, (우동)",35.16330588,129.1412385,부산,,,,,,
GS25,남산중앙점,편의점,"부산광역시 금정구 중앙대로2001번길 62, (남산동, 큐갤러리)",35.26386149,129.0886196,부산,,,,,,
GS25,연산웰메이드점,편의점,"부산광역시 연제구 거제천로230번길 70, (연산동)",35.18871269,129.0826754,부산,,,,,,
이디야,장유율하점,프렌차이즈,"부산광역시 부산진구 개금온정로 10, (개금동, 개금롯데캐슬)",35.1547437,129.0273151,부산,,,,,,
GS25,가야공원점,편의점,"부산광역시 부산진구 가야공원로 34, (가야동)",35.15039557,129.0298395,부산,,,,,,
이마트 24,덕천베스트점,편의점,"부산광역시 북구 덕천로40번길 2, (덕천동)",35.20791689,129.0090833,부산,,,,,,
이디야,부산연제초교점,프렌차이즈,"부산광역시 연제구 중앙대로1075번길 8, (연산동)",35.18441321,129.0796319,부산,,,,,,
이디야,양정역점,프렌차이즈,"부산광역시 부산진구 백양관문로77번길 81, (개금동, 개금우드빌)",35.16339293,129.0246138,부산,,,,,,
탐앤탐스,부산동일타워점,프렌차이즈,"부산광역시 해운대구 센텀동로 25, (우동, 대우월드마크센텀)",35.17192472,129.1314571,부산,,,,,,
스타벅스,동서대DT점,프렌차이즈,"부산광역시 사상구 가야대로 338, (주례동)",35.15070034,129.0096934,부산,,,,,,
탐앤탐스,광안점,프렌차이즈,"부산광역시 수영구 수영로540번길 66, (광안동, 해변빌라)",35.15314977,129.11581,부산,,,,,,
GS25,남산삼성점,편의점,"부산광역시 금정구 금단로 138, (남산동)",35.26137171,129.0928393,부산,,,,,,
GS25,사직삼익점,편의점,"부산광역시 동래구 석사로 18, (사직동)",35.19849653,129.0618858,부산,,,,,,
GS25,연제미라주점,편의점,"부산광역시 연제구 반송로 80, (연산동, 일동미라주더스타)",35.19084577,129.088062,부산,,,,,,
GS25,송도해변점,편의점,"부산광역시 서구 송도해변로125번길 4, (암남동)",35.07812732,129.0205861,부산,,,,,,
탐앤탐스,부산동래역점,프렌차이즈,"부산광역시 동래구 명륜로129번길 55, (명륜동)",35.20519531,129.0790503,부산,,,,,,
GS25,황령힐사이드,편의점,"부산광역시 수영구 황령산로7번길 4, (남천동)",35.14745939,129.1092245,부산,,,,,,
버거킹,부산센텀오일뱅크점,프렌차이즈,"부산광역시 해운대구 해운대로 179, (재송동)",35.18169714,129.1235559,부산,,,,,,
GS25,보수사거리점,편의점,"부산광역시 중구 흑교로 43, (보수동2가)",35.10337458,129.024992,부산,,,,,,
GS25,해운SK뷰점,편의점,"부산광역시 해운대구 청사포로 12, (좌동, SK뷰아파트)",35.16515476,129.1834038,부산,,,,,,
GS25,사직드림점,편의점,"부산광역시 동래구 아시아드대로231번길 52, (온천동)",35.20586053,129.0650018,부산,,,,,,
GS25,편의점,편의점,"부산광역시 금정구 범어천로38번길 29, (남산동)",35.26971209,129.0915445,부산,,,,,,
이디야,유엔공원점,프렌차이즈,"부산광역시 남구 유엔로 202, (대연동)",35.12982786,129.0983754,부산,,,,,,
GS25,부산외대점,편의점,"부산광역시 금정구 두실로 55-2, (구서동, 큐갤러리)",35.26232472,129.0861044,부산,,,,,,
이디야,부산효림초교점,프렌차이즈,"부산광역시 사하구 장평로 107, (장림동)",35.07571733,128.9727163,부산,,,,,,
이마트 24,24사하E편한점,편의점,"부산광역시 사하구 서포로30번길 9, (구평동)",35.0823794,128.9860311,부산,,,,,,
GS25,S부산명륜역점,편의점,"부산광역시 동래구 중앙대로 1414, (온천동)",35.21258951,129.0797413,부산,,,,,,
버거킹,부산용호분포SK점,프렌차이즈,"부산광역시 남구 용호로 116, (용호동)",35.12213215,129.1119748,부산,,,,,,
GS25,덕천아남점,편의점,"부산광역시 북구 금곡대로20번길 49, (덕천동)",35.21252768,129.007438,부산,,,,,,
스타벅스,해운대점,프렌차이즈,"부산광역시 해운대구 구남로 9, (우동)",35.16332968,129.1596134,부산,,,,,,
GS25,장전래미안점,편의점,"부산광역시 금정구 금정로 39, (장전동)",35.22817356,129.0858797,부산,,,,,,
GS25,기장대청점,편의점,"부산광역시 기장군 기장읍 대청로45번길 19, (대라리)",35.23877005,129.2152235,부산,,,,,,
GS25,해운우동1로점,편의점,"부산광역시 해운대구 우동1로 62, (우동)",35.16696168,129.1577879,부산,,,,,,
GS25,해운대투모로우점,편의점,"부산광역시 해운대구 양운로 53, (좌동)",35.16800858,129.1763649,부산,,,,,,
GS25,부곡하이점,편의점,"부산광역시 금정구 부곡로 41, (부곡동)",35.22043717,129.0881712,부산,,,,,,
GS25,신평번영점,편의점,"부산광역시 사하구 하신번영로 191-1, (신평동)",35.09880099,128.9593242,부산,,,,,,
GS25,에어부산점,편의점,"부산광역시 강서구 유통단지1로57번가길 6, (대저2동)",35.16537897,128.9547377,부산,,,,,,
GS25,전포역점,편의점,"부산광역시 부산진구 서전로58번길 78, (전포동)",35.1543192,129.0660199,부산,,,,,,
이마트 24,부산중앙역점,편의점,"부산광역시 중구 중앙대로 56, (중앙동5가)",35.10258868,129.03685,부산,,,,,,
맥도날드,부산하단DT,프렌차이즈,"부산광역시 사하구 낙동대로 431, (하단동)",35.10418001,128.9709483,부산,,,,,,
이디야,국제물류점,프렌차이즈,"부산광역시 강서구 범방3로46번길 5, (범방동)",35.14751494,128.8807138,부산,,,,,,
GS25,수영한서병원점,편의점,"부산광역시 수영구 수영로611번길 13, (광안동)",35.16050489,129.112892,부산,,,,,,
이마트 24,24부산용호점,편의점,"부산광역시 남구 용호로198번길 11, (용호동)",35.11467381,129.1104254,부산,,,,,,
GS25,장전래미안정문점,편의점,"부산광역시 금정구 금정로 20, (장전동, 래미안장전)",35.22633408,129.0859541,부산,,,,,,
GS25,망미제일점,편의점,"부산광역시 수영구 연수로296번길 59, (망미동)",35.17026649,129.1020914,부산,,,,,,
GS25,부산고속점,편의점,"부산광역시 동래구 아시아드대로208번가길 31, (온천동)",35.20378317,129.0675225,부산,,,,,,
GS25,서면동일3차점,편의점,"부산광역시 부산진구 동평로 162, (부암동, 서면동일파크스위트3차)",35.16466756,129.0473737,부산,,,,,,
스타벅스,온천장역DT점,프렌차이즈,"부산광역시 금정구 식물원로 13, (장전동)",35.22408489,129.0864843,부산,,,,,,
GS25,부산양정점,편의점,"부산광역시 부산진구 동평로405번길 12, (양정동)",35.1742779,129.0698922,부산,,,,,,
이디야,수안점,프렌차이즈,"부산광역시 연제구 세병로 16, (연산동, 한성기린)",35.1898648,129.0848757,부산,,,,,,
이디야,장림점,프렌차이즈,"부산광역시 사하구 낙동대로 263, (괴정동, 자유)",35.09779499,128.989167,부산,,,,,,
이디야,서면태화점,프렌차이즈,"부산광역시 부산진구 중앙대로692번길 13, (부전동)",35.15461493,129.0600532,부산,,,,,,
이디야,금강로점,프렌차이즈,"부산광역시 동래구 온천장로 96, (온천동)",35.21953211,129.0835568,부산,,,,,,
이마트 24,양정큐브점,편의점,"부산광역시 부산진구 중앙대로980번길 21, (양정동)",35.17627541,129.0753855,부산,,,,,,
이마트 24,사하아동병원점,편의점,"부산광역시 사하구 다대로 263, (장림동)",35.07901989,128.9778982,부산,,,,,,
스타벅스,부산하단점,프렌차이즈,"부산광역시 사하구 낙동대로 455, (하단동)",35.10535037,128.9688781,부산,,,,,,
이디야,부산신만덕점,프렌차이즈,"부산광역시 북구 덕천로 299, (만덕동)",35.20976686,129.0365744,부산,,,,,,
GS25,S부산구서역점,편의점,"부산광역시 금정구 금정로233번길 46, (구서동)",35.24728791,129.0913208,부산,,,,,,
GS25,구서선경점,편의점,"부산광역시 금정구 금강로565번길 51, (구서동)",35.25860323,129.0849668,부산,,,,,,
이마트 24,양정연수로점,편의점,"부산광역시 부산진구 연수로 66, (양정동)",35.17529565,129.0781172,부산,,,,,,
버거킹,부산양정점,프렌차이즈,"부산광역시 부산진구 중앙대로 900, (양정동)",35.17049376,129.0696999,부산,,,,,,
GS25,부산수정점,편의점,"부산광역시 동구 수정동로 23, (수정동)",35.13022954,129.0458353,부산,,,,,,
GS25,연산솔파크점,편의점,"부산광역시 연제구 과정로191번가길 31, (연산동)",35.1870903,129.1046243,부산,,,,,,
GS25,덕포초교점,편의점,"부산광역시 사상구 삼덕로 73, (덕포동)",35.17391787,128.9848077,부산,,,,,,
이마트 24,부산금사역점,편의점,"부산광역시 금정구 반송로 472, (금사동)",35.21565349,129.1156102,부산,,,,,,
이마트 24,해운대신라스테이점,편의점,"부산광역시 해운대구 해운대로570번길 46, (우동)",35.15982254,129.1587514,부산,,,,,,
GS25,강서평강점,편의점,"부산광역시 강서구 평강로 297, (대저1동)",35.21147337,128.9459413,부산,,,,,,
이마트 24,부산중앙제일점,편의점,"부산광역시 중구 중앙대로41번길 14-1, (동광동3가)",35.10116402,129.0347919,부산,,,,,,
GS25,하단리안점,편의점,"부산광역시 사하구 동매로 117, A동  (하단동, 건우리안)",35.1019617,128.9710536,부산,,,,,,
이마트 24,장전원룸점,편의점,"부산광역시 금정구 수림로75번길 2, (장전동)",35.23986304,129.0840249,부산,,,,,,
이마트 24,송도탑스빌점,편의점,"부산광역시 서구 충무대로 56, (암남동, 송도탑스빌)",35.07792769,129.0185989,부산,,,,,,
이마트 24,부산중앙점,편의점,"부산광역시 중구 충장대로 3, (중앙동4가)",35.10548233,129.0368318,부산,,,,,,
버거킹,부산망미SK점,프렌차이즈,"부산광역시 연제구 과정로 118, (연산동)",35.18176435,129.1074507,부산,,,,,,
이마트 24,괴정제일점,편의점,"부산광역시 사하구 사리로 10, (괴정동)",35.10073733,128.9996991,부산,,,,,,
이디야,부산두실역점,프렌차이즈,"부산광역시 금정구 중앙대로 1911, (구서동)",35.25495145,129.0911158,부산,,,,,,
GS25,명지초교점,편의점,"부산광역시 강서구 명지국제6로302번길 3, (명지동)",35.10268978,128.9240291,부산,,,,,,
GS25,에스부산두실역점,편의점,"부산광역시 금정구 중앙대로 1927-1, (구서동)",35.25689551,129.0914386,부산,,,,,,
이마트 24,부산외대원룸점,편의점,"부산광역시 금정구 두실로 43, (구서동)",35.26130194,129.0865743,부산,,,,,,
스타벅스,온천장역DT점,프렌차이즈,"부산광역시 금정구 식물원로 13, (장전동)",35.223949,129.0865594,부산,,,,,,
이마트 24,가야본점,편의점,"부산광역시 부산진구 대학로36번길 57, (가야동)",35.15201729,129.0331086,부산,,,,,,
이마트 24,기장햇살점,편의점,"부산광역시 기장군 기장읍 차성남로51번길 7, (대라리, 왕신마르빌)",35.24201693,129.2141293,부산,,,,,,
GS25,온천화신점,편의점,"부산광역시 동래구 쇠미로235번길 9, (온천동, 화신아파트)",35.21115887,129.0641814,부산,,,,,,
GS25,민락스타힐스점,편의점,"부산광역시 수영구 광안해변로 311, (민락동)",35.15735057,129.1274576,부산,,,,,,
이마트 24,남산럭키점,편의점,"부산광역시 금정구 금샘로 578, (남산동)",35.27395081,129.0852813,부산,,,,,,
이마트 24,괴정본동점,편의점,"부산광역시 사하구 괴정로 246, (괴정동)",35.09656725,128.9882857,부산,,,,,,
이마트 24,연산한양점,편의점,"부산광역시 연제구 과정로208번길 9, (연산동)",35.18835428,129.1043998,부산,,,,,,
스타벅스,동래역점,프렌차이즈,부산광역시 동래구 명륜로129번나길 9-2,35.20570689,129.0803091,부산,,,,,,
이마트 24,양정이즈팰리스점,편의점,"부산광역시 부산진구 연수로11번길 15, (양정동)",35.17418762,129.0729648,부산,,,,,,
이마트 24,만덕휴먼시아점,편의점,"부산광역시 북구 만덕1로 53, (만덕동)",35.21419919,129.0315893,부산,,,,,,
스타벅스,금정구청DT점,프렌차이즈,부산광역시 금정구 중앙대로 1728,35.23859413,129.0928194,부산,,,,,,
이마트 24,정관일신기독병원점,편의점,"부산광역시 기장군 정관읍 정관6로 31, (매학리)",35.31971592,129.1774803,부산,,,,,,
이디야,부산구서SK점,프렌차이즈,"부산광역시 금정구 금강로403번길 1, (구서동)",35.24379074,129.0872965,부산,,,,,,
GS25,괘법LH점,편의점,"부산광역시 사상구 낙동대로1210번길 78, (괘법동)",35.16708945,128.9809602,부산,,,,,,
GS25,동래포레스트점,편의점,부산광역시 동래구 쇠미로 153-1,35.20451864,129.0617885,부산,,,,,,
이마트 24,가야초원점,편의점,"부산광역시 부산진구 엄광로 225, (가야동)",35.15112957,129.036785,부산,,,,,,
이마트 24,안락이안점,편의점,부산광역시 동래구 반송로218번길 8,35.19995699,129.0982425,부산,,,,,,
이마트 24,이마트일렉트로센텀점,편의점,"부산광역시 해운대구 센텀4로 15, (우동)",35.16988088,129.1283112,부산,,,,,,
GS25,구포포천점,편의점,"부산광역시 북구 시랑로 103, (구포동)",35.19689717,129.0074865,부산,,,,,,
GS25,반송한솔점,편의점,"부산광역시 해운대구 신반송로 29, (반송동, 벽산삼협)",35.22679428,129.1606914,부산,,,,,,
이마트 24,부산신항점,편의점,"부산광역시 강서구 신항남로 507, (성북동)",35.06670973,128.832536,부산,,,,,,
이마트 24,부산대원룸점,편의점,"부산광역시 금정구 부산대학로64번길 94-10, 305동  (장전동, 네버랜드)",35.23544652,129.0860096,부산,,,,,,
이마트 24,부산동래점,편의점,"부산광역시 동래구 충렬대로148번길 6, (온천동)",35.20489519,129.0763118,부산,,,,,,
이마트 24,부산동아대점,편의점,"부산광역시 사하구 낙동대로536번길 18, (하단동)",35.11216079,128.9660188,부산,,,,,,
나들가게,농심가마트,편의점,"부산광역시 해운대구 해운대로61번길 96, (반여동)",35.1947809,129.128864,부산,,,,,,
GS25,강서지사점,편의점,"부산광역시 강서구 과학산단로306번길 11, (지사동)",35.14991443,128.8359288,부산,,,,,,
이마트 24,수영이편한점,편의점,"부산광역시 수영구 좌수영로 192, (망미동, 수영강변E편한세상3차)",35.18209133,129.1169959,부산,,,,,,
GS25,재송재반점,편의점,"부산광역시 해운대구 재반로 62, (재송동)",35.18440106,129.1264917,부산,,,,,,
이마트 24,장전퀸즈점,편의점,부산광역시 금정구 부곡온천천로 188,35.24228271,129.0906055,부산,,,,,,
이마트 24,하단낙동점,편의점,"부산광역시 사하구 낙동대로549번길 53, (하단동)",35.11254383,128.9609223,부산,,,,,,
이마트 24,센텀프리미어호텔점,편의점,"부산광역시 해운대구 센텀1로 17, (우동)",35.16697461,129.131619,부산,,,,,,
나들가게,하나로슈퍼,편의점,"부산광역시 사상구 사상로489번길 80-18, (모라동)",35.18997845,128.9839803,부산,,,,,,
GS25,송정중앙로점,편의점,"부산광역시 해운대구 송정중앙로 25, (송정동)",35.18283962,129.2035431,부산,,,,,,
이마트 24,센텀사이언스파크점,편의점,"부산광역시 해운대구 센텀중앙로 79, (우동)",35.17390059,129.1264236,부산,,,,,,
이마트 24,중구영주점,편의점,"부산광역시 중구 동영로 101, (영주동)",35.11296128,129.0329226,부산,,,,,,
GS25,좌동삼환점,편의점,"부산광역시 해운대구 좌동순환로299번길 22, (좌동, 삼환)",35.16856835,129.1855169,부산,,,,,,
이마트 24,경성부경대점,편의점,"부산광역시 남구 용소로 24, (대연동)",35.1351891,129.1005871,부산,,,,,,
이마트 24,송정마리나점,편의점,"부산광역시 해운대구 송정구덕포길 37, (송정동)",35.17406348,129.1977602,부산,,,,,,
이마트 24,반여우성점,편의점,"부산광역시 해운대구 반여로155번길 38, (반여동)",35.20615514,129.1241453,부산,,,,,,
이마트 24,연산파크점,편의점,"부산광역시 연제구 안연로 33, (연산동, 더샵파크시티)",35.19204015,129.0955556,부산,,,,,,
스타벅스,서면로R점,프렌차이즈,"부산광역시 부산진구 서면로 49-1, (부전동)",35.15526769,129.0575592,부산,,,,,,
이마트 24,부산보훈병원점,편의점,"부산광역시 사상구 백양대로 420, (주례동)",35.15298396,129.00824,부산,,,,,,
GS25,해운썬프라자,편의점,"부산광역시 해운대구 마린시티3로 1, (우동, 선프라자)",35.15800878,129.1475963,부산,,,,,,
GS25,동래코리아나점,편의점,"부산광역시 동래구 쇠미로129번길 67, 1동  (온천동, 온천대륙코리아나아파트)",35.20520361,129.0566468,부산,,,,,,
GS25,하신중앙로점,편의점,"부산광역시 사하구 하신번영로 266-1, (하단동)",35.10475581,128.9586262,부산,,,,,,
이마트 24,연산롯데캐슬점,편의점,"부산광역시 연제구 진남로 615, (연산동)",35.17467929,129.0805242,부산,,,,,,
버거킹,부산정관DT점,프렌차이즈,"부산광역시 기장군 정관읍 용수로 48, (용수리)",35.32718108,129.1763567,부산,,,,,,
이마트 24,하단동매점,편의점,"부산광역시 사하구 동매로 66, (하단동)",35.10284565,128.9653385,부산,,,,,,
이마트 24,온천장점,편의점,"부산광역시 동래구 온천장로119번길 20, A동  (온천동, 온천빌라)",35.22176334,129.0840259,부산,,,,,,
이마트 24,부산국제금융점,편의점,"부산광역시 남구 문현금융로 40, (문현동)",35.14650531,129.0658851,부산,,,,,,
이마트 24,괴정대로점,편의점,"부산광역시 사하구 낙동대로 337, (괴정동)",35.10021031,128.9803448,부산,,,,,,
이마트 24,부산송도점,편의점,"부산광역시 서구 암남공원로 27, (암남동)",35.07356118,129.0158145,부산,,,,,,
이마트 24,부산초장점,편의점,"부산광역시 서구 초장로 8, (초장동)",35.09336588,129.0189444,부산,,,,,,
이마트 24,사하오렌지점,편의점,"부산광역시 사하구 장림번영로 96, (장림동, 장림역사하베스티움)",35.080165,128.9756201,부산,,,,,,
이마트 24,영산대정문점,편의점,"부산광역시 해운대구 아랫반송로59번길 53, (반송동)",35.22358447,129.1522974,부산,,,,,,
이마트 24,양정스마일점,편의점,"부산광역시 부산진구 양지로 18, (양정동)",35.16888754,129.0698984,부산,,,,,,
이디야,부산동래봉생병원점,프렌차이즈,"부산광역시 동래구 충렬대로350번길 16, (안락동)",35.19702949,129.0970282,부산,,,,,,
이디야,부산남구청점,프렌차이즈,"부산광역시 남구 진남로 118, (대연동)",35.13842731,129.0823274,부산,,,,,,
이마트 24,망미연수로점,편의점,"부산광역시 수영구 연수로 262-1, (망미동)",35.17300377,129.0994388,부산,,,,,,
GS25,기장차성로점,편의점,"부산광역시 기장군 기장읍 차성로 461, (교리, 이진캐스빌블루1차)",35.2571571,129.2188826,부산,,,,,,
이디야,부산문현현대점,프렌차이즈,"부산광역시 남구 문현로 68, (문현동)",35.14323858,129.0764981,부산,,,,,,
이디야,부산정관가동점,프렌차이즈,"부산광역시 기장군 정관읍 가동길 30, (용수리)",35.32806721,129.180692,부산,,,,,,
GS25,만덕그린코아점,편의점,"부산광역시 북구 덕천로234번길 42, (만덕동)",35.20917943,129.0282969,부산,,,,,,
이마트 24,연산배산점,편의점,"부산광역시 연제구 배산로 13, (연산동)",35.1744342,129.0937714,부산,,,,,,
버거킹,부산안락DT점,프렌차이즈,"부산광역시 동래구 충렬대로 311, (안락동)",35.19984047,129.0931895,부산,,,,,,
GS25,재송센트레빌점,편의점,"부산광역시 해운대구 해운대로177번길 20, (재송동)",35.18243333,129.1238734,부산,,,,,,
GS25,당리제일점,편의점,"부산광역시 사하구 제석로 160, (당리동, 당리동동원베네스트1차)",35.11041802,128.9843284,부산,,,,,,
GS25,동래수안역점,편의점,"부산광역시 동래구 명륜로98번길 3, (명륜동)",35.20276496,129.0837184,부산,,,,,,
이디야,부산충무동점,프렌차이즈,"부산광역시 서구 충무대로 277, (충무동1가, 충무에코팰리스2차)",35.09542325,129.024037,부산,,,,,,
이마트 24,해운대라마다점,편의점,"부산광역시 해운대구 구남로 9, (우동)",35.16332968,129.1596134,부산,,,,,,
GS25,미남사랑점,편의점,"부산광역시 동래구 충렬대로108번길 25, (온천동)",35.20554865,129.0727622,부산,,,,,,
이디야,부산해운대홈플러스점,프렌차이즈,"부산광역시 해운대구 해운대해변로 140, (우동)",35.15841562,129.1465154,부산,,,,,,
GS25,해운주유소점,편의점,"부산광역시 해운대구 해운대로 615, (우동)",35.16336545,129.1577589,부산,,,,,,
이마트 24,사하E편한점,편의점,"부산광역시 사하구 서포로30번길 9, (구평동)",35.08237958,128.9860091,부산,,,,,,
GS25,센텀스카이비즈점,편의점,"부산광역시 해운대구 센텀중앙로 97, (재송동)",35.17520654,129.1245973,부산,,,,,,
버거킹,부산금정오일뱅크점,프렌차이즈,"부산광역시 금정구 중앙대로 1664, (부곡동)",35.23302093,129.0921184,부산,,,,,,
GS25,명장화목,편의점,"부산광역시 동래구 충렬사로 53, (명장동)",35.20378391,129.0986784,부산,,,,,,
GS25,기장삼정그린점,편의점,"부산광역시 기장군 기장읍 기장대로 82-10, (내리)",35.20442559,129.2073538,부산,,,,,,
스타벅스,수영강변DT,프렌차이즈,"부산광역시 해운대구 수영강변대로 516, (반여동)",35.20395453,129.1194147,부산,,,,,,
GS25,연산해피점,편의점,"부산광역시 연제구 고분로 116, (연산동)",35.1856732,129.0949102,부산,,,,,,
버거킹,안락점,프렌차이즈,"부산광역시 동래구 충렬대로 311, (안락동)",35.19984047,129.0931895,부산,,,,,,
이마트 24,연산중앙점,편의점,"부산광역시 연제구 중앙천로 64, (연산동)",35.18026938,129.0813667,부산,,,,,,
이디야,동부산롯데몰점,프렌차이즈,"부산광역시 기장군 기장읍 기장해안로 147, (당사리)",35.19222964,129.2128062,부산,,,,,,
이마트 24,강서미음점,편의점,"부산광역시 강서구 미음산단로139번길 5, (구랑동)",35.13697234,128.8588184,부산,,,,,,
이마트 24,재송에이스점,편의점,"부산광역시 해운대구 재송2로28번길 39, (재송동)",35.19169651,129.1319398,부산,,,,,,
GS25,부산광일로점,편의점,"부산광역시 수영구 광일로 30, (광안동)",35.16249641,129.1109872,부산,,,,,,
이디야,부산가야홈플러스,프렌차이즈,"부산광역시 부산진구 가야대로 506, (가야동)",35.15248097,129.0273415,부산,,,,,,
이마트 24,광안해변점,편의점,부산광역시 수영구 광안로 60,35.15440661,129.1183185,부산,,,,,,
이마트 24,부산대중앙점,편의점,"부산광역시 금정구 금정로60번길 13, (장전동)",35.22989256,129.087177,부산,,,,,,
이마트 24,부산신호점,편의점,"부산광역시 강서구 신호산단5로 72, (신호동)",35.08323379,128.8808887,부산,,,,,,
GS25,용호그랜드점,편의점,"부산광역시 남구 용호로42번길 56, (용호동)",35.12444051,129.1099216,부산,,,,,,
GS25,구남역점,편의점,"부산광역시 북구 백양대로1036번길 5, (구포동)",35.1977827,128.9963295,부산,,,,,,
스타벅스,더해운대R점,프렌차이즈,"부산광역시 해운대구 해운대해변로 197, (우동, 경동제이드)",35.15882408,129.1528651,부산,,,,,,
GS25,안락휴먼시아점,편의점,"부산광역시 동래구 충렬대로457번길 72, (안락동, 한우)",35.19852782,129.1096658,부산,,,,,,
GS25,연산한양점,편의점,"부산광역시 연제구 안연로 8, (연산동)",35.18822134,129.1011809,부산,,,,,,
GS25,부산시민공원점,편의점,"부산광역시 부산진구 동평로 293, (연지동)",35.17189505,129.0589711,부산,,,,,,
이마트 24,대연메르빌점,편의점,"부산광역시 남구 황령대로319번길 26, (대연동, 경동메르빌)",35.15098536,129.0911858,부산,,,,,,
이마트 24,부산대연점,편의점,"부산광역시 남구 유엔로201번길 78, (대연동)",35.13368624,129.0983284,부산,,,,,,
GS25,리치W점,편의점,"부산광역시 서구 부용로 39-5, (서대신동1가)",35.10783384,129.0188941,부산,,,,,,
이마트 24,명지협성휴포레점,편의점,"부산광역시 강서구 명지국제5로 141, (명지동, 명지협성휴포레)",35.10754331,128.9211441,부산,,,,,,
이마트 24,부산서대신점,편의점,"부산광역시 서구 부용로 1, (서대신동1가)",35.10912062,129.0159374,부산,,,,,,
이마트 24,부산용호점,편의점,"부산광역시 남구 용호로198번길 11, (용호동)",35.11467381,129.1104254,부산,,,,,,
GS25,당감대양점,편의점,"부산광역시 부산진구 당감서로 81, (당감동)",35.16763474,129.036709,부산,,,,,,
이마트 24,서면티티호텔점,편의점,"부산광역시 부산진구 새싹로 35, (부전동)",35.1607132,129.0564004,부산,,,,,,
이마트 24,부산대행복점,편의점,"부산광역시 금정구 금강로 271-4, (장전동)",35.23249676,129.0852562,부산,,,,,,
이마트 24,수영제일점,편의점,"부산광역시 수영구 연수로415번길 51, (수영동, 로얄빌라)",35.16995394,129.1155565,부산,,,,,,
이마트 24,동래명륜점,편의점,"부산광역시 동래구 동래로 25, (온천동)",35.21268305,129.0783476,부산,,,,,,
이마트 24,온천천점,편의점,"부산광역시 금정구 오시게로54번길 2, (부곡동, 가나빌라)",35.22199795,129.0880163,부산,,,,,,
이마트 24,가덕도점,편의점,"부산광역시 강서구 가덕해안로 753, (천성동)",35.0306183,128.813671,부산,,,,,,
나들가게,파워C마트,편의점,"부산광역시 사상구 새벽시장로56번가길 4, (감전동)",35.15515595,128.9797194,부산,,,,,,
GS25,화명롯데점,편의점,"부산광역시 북구 화명신도시로 156, (화명동, 롯데낙천대)",35.2374589,129.0118991,부산,,,,,,
이마트 24,송정휴먼시아점,편의점,"부산광역시 해운대구 해운대로 1188, (송정동, 송정휴먼시아2단지)",35.19243237,129.2060453,부산,,,,,,
GS25,한화리조트해운대점,편의점,"부산광역시 해운대구 마린시티3로 52, (우동)",35.15440109,129.1449664,부산,,,,,,
이디야,기장고리원전점,프렌차이즈,"부산광역시 기장군 장안읍 해맞이로 429, (길천리)",35.32969853,129.2824547,부산,,,,,,
GS25,명륜자이점,편의점,"부산광역시 동래구 명륜로139번길 22, (명륜동, 명륜자이)",35.20666204,129.0813541,부산,,,,,,
이마트 24,초량상해점,편의점,"부산광역시 동구 중앙대로179번길 12, (초량동)",35.11378231,129.0381107,부산,,,,,,
이마트 24,광안민락점,편의점,"부산광역시 수영구 민락로34번길 62, (민락동)",35.15841202,129.1247832,부산,,,,,,
GS25,신개금엘지점,편의점,"부산광역시 부산진구 백양대로300번길 19, (개금동, 신개금엘지1단지)",35.15606808,129.017783,부산,,,,,,
GS25,부산명장로점,편의점,"부산광역시 동래구 명장로80번길 3, (명장동)",35.20346188,129.1092826,부산,,,,,,
GS25,거제현대홈타운점,편의점,"부산광역시 연제구 법원북로 33, (거제동)",35.194138,129.0706247,부산,,,,,,
GS25,괴정동주대점,편의점,"부산광역시 사하구 승학로284번길 42, (괴정동)",35.10246583,128.9977788,부산,,,,,,
스타벅스,광안수변공원점,프렌차이즈,"부산광역시 수영구 민락수변로 29, (민락동)",35.15320278,129.1247005,부산,,,,,,
이마트 24,부산화명라움점,편의점,"부산광역시 북구 금곡대로285번길 5, 1동  (화명동, 레지던스라움)",35.23368912,129.0132146,부산,,,,,,
이마트 24,서면E편한점,편의점,"부산광역시 부산진구 가야대로 702, (범천동, 서면이편한세상)",35.15641816,129.048607,부산,,,,,,
이마트 24,S경전철공항역점,편의점,"부산광역시 강서구 공항진입로 165, (대저2동)",35.17192619,128.9486117,부산,,,,,,
GS25,해운달맞이점,편의점,"부산광역시 해운대구 달맞이길117번나길 35, (중동, 성은달맞이)",35.15892364,129.1808989,부산,,,,,,
이마트 24,명지국제로점,편의점,"부산광역시 강서구 명지국제5로136번길 14, (명지동)",35.10581951,128.9226055,부산,,,,,,
탐앤탐스,양정파드스테이션점,프렌차이즈,"부산광역시 부산진구 중앙대로 962, (양정동)",35.17531877,129.0734847,부산,,,,,,
이마트 24,구평고개점,편의점,"부산광역시 사하구 을숙도대로 713, (신평동)",35.08523958,128.9834775,부산,,,,,,
이마트 24,하단헤를리치점,편의점,"부산광역시 사하구 하신번영로 302, (하단동, 헤를리치)",35.10800656,128.9590482,부산,,,,,,
이마트 24,R명지국제신도시점,편의점,"부산광역시 강서구 명지국제8로 246, (명지동)",35.09775636,128.9196411,부산,,,,,,
이마트 24,R해운대청사포점,편의점,"부산광역시 해운대구 청사포로 129, (중동)",35.16101634,129.1927065,부산,,,,,,
이마트 24,부대북문점,편의점,"부산광역시 금정구 금강로279번길 46, (장전동)",35.23413528,129.0834653,부산,,,,,,
이마트 24,가야공원점,편의점,"부산광역시 부산진구 엄광로 131, (가야동)",35.14773117,129.0293999,부산,,,,,,
이마트 24,양정소망점,편의점,"부산광역시 부산진구 중앙대로928번길 11, (양정동)",35.17241261,129.0718657,부산,,,,,,
이마트 24,수영수미로점,편의점,"부산광역시 수영구 망미번영로88번길 67, (망미동)",35.17432246,129.1149245,부산,,,,,,
이마트 24,반여우방점,편의점,"부산광역시 해운대구 명장로67번길 131, (반여동)",35.20444773,129.1167638,부산,,,,,,
이마트 24,동아대부민점,편의점,"부산광역시 서구 임시수도기념로 22-9, (부민동3가)",35.10367136,129.0186558,부산,,,,,,
이마트 24,광안별빛점,편의점,"부산광역시 수영구 광안해변로 27, (남천동)",35.13789677,129.1130341,부산,,,,,,
이마트 24,뉴스타여객선점,편의점,"부산광역시 중구 충장대로 24, (중앙동4가)",35.10290944,129.0414937,부산,,,,,,
이마트 24,사상중앙점,편의점,"부산광역시 사상구 광장로104번길 19, (괘법동)",35.16120596,128.9883974,부산,,,,,,
GS25,화명그린힐점,편의점,"부산광역시 북구 화명대로94번길 45, (화명동, 화명그린힐)",35.23234409,129.017746,부산,,,,,,
이마트 24,구덕사거리점,편의점,"부산광역시 서구 보수대로 248, (동대신동3가)",35.11622652,129.017748,부산,,,,,,
버거킹,부산대점,프렌차이즈,"부산광역시 금정구 금정로 66, (장전동)",35.23050125,129.0866468,부산,,,,,,
이마트 24,덕천지하상가점,편의점,부산광역시 북구 금곡대로 14,35.21009049,129.0056836,부산,,,,,,
이마트 24,해동용궁사점,편의점,"부산광역시 기장군 기장읍 용궁길 62-9, (시랑리)",35.18916348,129.2210284,부산,,,,,,
이마트 24,광안원룸점,편의점,"부산광역시 수영구 수영로606번길 9, (광안동)",35.15980761,129.1142215,부산,,,,,,
이마트 24,대연SK뷰힐스후문점,편의점,"부산광역시 남구 수영로 261, (대연동, 대연에스케이뷰힐스)",35.13825533,129.0934519,부산,,,,,,
이마트 24,부산남천점,편의점,"부산광역시 수영구 광남로 48-1, (남천동)",35.14688225,129.1122016,부산,,,,,,
이마트 24,부산동서대점,편의점,"부산광역시 사상구 냉정로 117, (주례동)",35.14977229,129.0128866,부산,,,,,,
GS25,만덕삼거리점,편의점,"부산광역시 북구 만덕1로 7, (만덕동)",35.21395927,129.0364629,부산,,,,,,
이마트 24,부곡우진점,편의점,"부산광역시 금정구 동부곡로5번길 148-13, (부곡동, 우진더클래식)",35.23254403,129.0940236,부산,,,,,,
이마트 24,연제과정점,편의점,"부산광역시 연제구 과정로 336-1, (연산동)",35.19038411,129.091284,부산,,,,,,
GS25,부산곱창골목점,편의점,"부산광역시 남구 지게골로 33-4, (문현동)",35.13582472,129.0698717,부산,,,,,,
GS25,부산세동한신점,편의점,"부산광역시 부산진구 새싹로 183, (연지동, 세동한신)",35.17180189,129.0489582,부산,,,,,,
GS25,당감태화현대점,편의점,"부산광역시 부산진구 가야대로 635-13, (당감동, 당감동태화현대2차)",35.15621223,129.04113,부산,,,,,,
탐앤탐스,부산KTX역사점,프렌차이즈,"부산광역시 동구 중앙대로 206, (초량동)",35.11762547,129.0450818,부산,,,,,,
이마트 24,전포메트로빌점,편의점,"부산광역시 부산진구 서전로46번길 9, (전포동)",35.15733896,129.0649837,부산,,,,,,
이디야,양정현대점,프렌차이즈,"부산광역시 부산진구 동평로 362, (양정동)",35.17458473,129.0647365,부산,,,,,,
GS25,문현로점,편의점,"부산광역시 남구 문현로 25, (문현동)",35.14157754,129.0727123,부산,,,,,,
스타벅스,센텀파크점,프렌차이즈,"부산광역시 해운대구 센텀중앙로 145, (재송동, 더샵센텀파크1차)",35.176775,129.1236199,부산,,,,,,
나들가게,돼지코마트,편의점,"부산광역시 해운대구 해운대해변로 99, (우동)",35.16166393,129.1423461,부산,,,,,,
이마트 24,해운대수목원DT점,편의점,"부산광역시 해운대구 반송로 619, (석대동)",35.2201512,129.1302038,부산,,,,,,
GS25,부산대원룸점,편의점,"부산광역시 금정구 부산대학로38번길 32, (장전동)",35.23261947,129.0876528,부산,,,,,,
GS25,부산과기대1호점,편의점,"부산광역시 북구 시랑로132번길 88, (구포동)",35.19421097,129.0053231,부산,,,,,,
GS25,안락석천점,편의점,"부산광역시 동래구 안연로 84, (안락동, 석천)",35.19518607,129.0985297,부산,,,,,,
GS25,반룡산단점,편의점,"부산광역시 기장군 장안읍 반룡산단1로 6-25, (반룡리)",35.32928956,129.2570302,부산,,,,,,
이마트 24,신호원룸점,편의점,"부산광역시 강서구 신호산단5로 47-3, (신호동)",35.08346106,128.8781386,부산,,,,,,
GS25,감만판테라점,편의점,"부산광역시 남구 무민사로 13, (감만동)",35.11177364,129.0802416,부산,,,,,,
GS25,부산초량로점,편의점,"부산광역시 동구 초량로 59-2, (초량동)",35.11962312,129.0360346,부산,,,,,,
이마트 24,사상스타빌점,편의점,부산광역시 사상구 대동로 25-4,35.13349067,128.9735784,부산,,,,,,
이마트 24,구서협성점,편의점,"부산광역시 금정구 중앙대로 1920, (구서동, 구서협성엠파이어)",35.25532384,129.0918021,부산,,,,,,
이마트 24,장전블루밍점,편의점,"부산광역시 금정구 금강로 225, (장전동, 디자인시티벽산블루밍2단지)",35.23029101,129.0819422,부산,,,,,,
이마트 24,망미토현점,편의점,"부산광역시 연제구 과정로 108, (연산동)",35.1810962,129.1075733,부산,,,,,,
이마트 24,명지오션시티점,편의점,"부산광역시 강서구 명지오션시티4로 75, (명지동)",35.08227083,128.9039505,부산,,,,,,
이마트 24,명지금강점,편의점,"부산광역시 강서구 명지국제5로 109, (명지동, 명지금강펜테리움센트럴파크2차)",35.1042599,128.9190669,부산,,,,,,
이마트 24,해운대마브러스점,편의점,"부산광역시 해운대구 해운대로 723, (중동)",35.16702318,129.1692157,부산,,,,,,
GS25,안락뜨란채,편의점,"부산광역시 동래구 연안로 74, (안락동, 안락뜨란채2단지)",35.19276327,129.1101803,부산,,,,,,
GS25,부산동삼점,편의점,"부산광역시 영도구 절영로 553, (동삼동, 삼창파크)",35.07485196,129.0721563,부산,,,,,,
GS25,대연동원점,편의점,"부산광역시 남구 수영로267번길 20, (대연동, 대연동원)",35.13644136,129.0956881,부산,,,,,,
GS25,강서강동점,편의점,"부산광역시 강서구 낙동북로 67, (강동동)",35.21832928,128.9371457,부산,,,,,,
GS25,동래꿈에그린점,편의점,"부산광역시 동래구 온천천로339번길 51, (낙민동, 동래꿈에그린아파트)",35.19661707,129.0907964,부산,,,,,,
GS25,온천화신점,편의점,"부산광역시 동래구 쇠미로129번길 62-12, (온천동, 새온천화신동영)",35.20535372,129.0600971,부산,,,,,,
GS25,초읍포레나점,편의점,"부산광역시 부산진구 새싹로 207-21, (초읍동)",35.17442001,129.0484868,부산,,,,,,
GS25,덕천젊음의거리점,편의점,"부산광역시 북구 백양대로 1202, (덕천동)",35.20971858,129.0059645,부산,,,,,,
GS25,구포다온점,편의점,"부산광역시 북구 팽나무로 18, (구포동, 성화빌라)",35.20470518,129.0061663,부산,,,,,,
GS25,일광E편한세상,편의점,"부산광역시 기장군 일광면 해빛2로 21, (삼성리, 이편한세상일광)",35.26906997,129.2263258,부산,,,,,,